ID;Usia;Jenis_Kelamin;Status_Pernikahan;Pendidikan;Jumlah_Anak;Wilayah;Jenis_Pekerjaan;Lama_Bekerja_Tahun;Pendapatan_Bulanan;Pengeluaran_Bulanan;Nilai_Aset;Hutang_Existing;Kepemilikan_Rumah;Riwayat_Kredit;Skor_Kesehatan_Keuangan;Jumlah_Rekening;Tujuan_Pinjaman;Jumlah_Pinjaman;Tenor_Bulan;Layak_Kredit
1;50;Perempuan;Lajang;S1;1;Sumatera;Wirausaha;12;3836309;3960159;357458043;85258056;Menumpang;Buruk;390;3;Renovasi Rumah;6453935;48;Tidak Layak
2;31;Perempuan;Menikah;S1;2;Kalimantan;Wirausaha;23;4378078;2542437;693051705;135084030;Menumpang;Tidak Ada Riwayat;617;5;Modal Usaha;96699254;12;Tidak Layak
3;39;Laki-laki;Lajang;S1;4;Sumatera;Wirausaha;34;10273812;3734647;242321898;94778034;Milik Sendiri;Cukup;439;1;Renovasi Rumah;31754282;12;Tidak Layak
4;20;Perempuan;Lajang;SMA;1;Kalimantan;Swasta;23;14368148;8668265;60753737;146785506;Milik Sendiri;Buruk;311;5;Renovasi Rumah;123301296;36;Tidak Layak
5;56;Perempuan;Menikah;SMP;4;Sulawesi;PNS;11;10295732;5942607;219269910;16765938;Kontrak;Buruk;635;3;Modal Usaha;32199293;36;Layak
6;26;L;Lajang;S1;1;Bali;Swasta;1;8477485;8700792;500914351;127491517;Menumpang;Baik;675;4;Modal Usaha;8457758;60;Layak
7;57;Laki-laki;Menikah;D3;3;Sulawesi;Swasta;2;16570283;15942549;48507811;117135560;Sewa;Cukup;319;4;Konsumtif;137198346;24;Layak
8;63;Perempuan;Duda/Janda;S1;5;Sulawesi;Swasta;17;5253064;5313763;73977219;28379234;Kontrak;Cukup;802;4;Pendidikan;165472780;12;Tidak Layak
9;25;Perempuan;Menikah;S1;3;Sumatera;Tidak Bekerja;;465177;500667;112334316;28139075;Sewa;Baik;572;4;Modal Usaha;139794532;12;Tidak Layak
10;35;Perempuan;Menikah;SD;1;Sumatera;Wirausaha;21;1782507;882666;444237207;62525903;Sewa;Cukup;822;5;Modal Usaha;111072712;12;Tidak Layak
11;41;Laki-laki;Lajang;SMA;2;Sulawesi;Wirausaha;15;13557975;5725859;706177022;46140430;Milik Sendiri;Baik;770;1;Renovasi Rumah;100647549;36;Layak
12;18;Perempuan;Menikah;D3;1;Sulawesi;Swasta;21;;2864132;376011267;90380760;Sewa;Baik;697;1;Modal Usaha;124232933;36;Layak
13;55;Laki-laki;Lajang;SMA;2;Jawa;Tidak Bekerja;;482596;500000;545541709;58347302;Kontrak;Baik;641;2;Renovasi Rumah;121081689;36;Layak
14;20;Perempuan;Cerai;SMA;2;Sumatera;Swasta;3;16188225;15542965;272677400;111985067;Kontrak;Buruk;703;4;Modal Usaha;79867348;36;Tidak Layak
15;38;Laki-laki;Menikah;SMA;4;Kalimantan;Freelance;10;4249816;3657411;530435484;230983;Sewa;Baik;668;1;Modal Usaha;35836260;36;Layak
16;37;Perempuan;Menikah;S1;3;Jawa;Swasta;11;12470667;13551339;454949231;28522612;Milik Sendiri;Baik;643;3;Renovasi Rumah;78552579;60;Layak
17;33;Perempuan;Lajang;S1;2;Jawa;Wirausaha;25;664301256;957604;420800121;41763116;Milik Sendiri;Cukup;534;5;Modal Usaha;47913437;84;Layak
18;45;Laki-laki;Lajang;S1;3;Bali;Swasta;13;17799877;11487949;245722730;17808395;Milik Sendiri;Cukup;363;1;Investasi;6529283;48;Layak
19;42;Laki-laki;Menikah;D3;3;Sumatera;PNS;8;12028136;14396366;365711250;51018194;Milik Sendiri;Baik;847;1;Modal Usaha;50755003;84;Layak
20;64;Perempuan;Menikah;S2;0;Bali;Swasta;21;16107714;18639619;543668537;96408913;Milik Sendiri;Baik;628;5;Kesehatan;105655593;36;Layak
21;45;Perempuan;Duda/Janda;D3;2;Jawa;Freelance;4;14250672;10597808;285194347;123657119;Sewa;Buruk;679;3;Pendidikan;99966239;24;Tidak Layak
22;27;Perempuan;Menikah;SMA;4;Jawa;PNS;30;11066650;10536545;560009164;91365983;Kontrak;Baik;595;2;Kesehatan;105656373;36;Layak
23;37;Laki-laki;Menikah;SD;3;Kalimantan;Swasta;11;6466057;6270721;602764785;41991712;Kontrak;Cukup;721;2;Investasi;191783386;48;Layak
24;19;Perempuan;Menikah;SMA;4;Sulawesi;Freelance;26;11838294;10028910;321803197;77956250;Kontrak;Cukup;371;5;Kesehatan;172223584;60;Layak
25;41;Perempuan;Lajang;S2;2;Jawa;Swasta;16;3027479;3245298;352901342;90745019;Milik Sendiri;Baik;513;1;Renovasi Rumah;179159068;12;Layak
26;31;Laki-laki;Menikah;S1;2;Jawa;Swasta;4;2696890;2282458;406063191;110500592;Kontrak;Cukup;504;1;Renovasi Rumah;140734288;36;Tidak Layak
27;61;Perempuan;Lajang;SMA;3;Kalimantan;Freelance;8;11936066;7464863;603390899;73157461;Kontrak;Buruk;774;3;Renovasi Rumah;79984949;60;Layak
28;55;Perempuan;Menikah;SMA;0;Jawa;Wirausaha;22;10770824;11928661;384206870;149829185;Kontrak;Baik;;5;Kesehatan;132773037;24;Layak
29;46;Perempuan;Lajang;SMA;1;Jawa;Swasta;24;13371277;6729251;540303337;120810159;Menumpang;Tidak Ada Riwayat;446;3;Kesehatan;20542137;84;Tidak Layak
30;22;Perempuan;Lajang;D3;2;Sumatera;Wirausaha;11;10464916;3829667;302421562;56289894;Kontrak;Cukup;757;5;Pendidikan;64872767;84;Layak
31;25;Perempuan;Menikah;SMA;0;Jawa;Swasta;5;7003223;4911822;727903142;83267515;Milik Sendiri;Cukup;478;1;Pendidikan;6113572;36;Tidak Layak
32;45;Perempuan;Menikah;SMP;4;Jawa;Swasta;22;12927212;14890124;;;Menumpang;Tidak Ada Riwayat;357;4;Konsumtif;190405313;12;Tidak Layak
33;59;Perempuan;Lajang;SMA;0;Sumatera;PNS;9;6887590;3281566;307779191;134241676;Sewa;Buruk;587;5;Kesehatan;175818648;12;Tidak Layak
34;18;Perempuan;Lajang;S1;0;Jawa;Wirausaha;34;5801936;5238602;;116064086;Menumpang;Baik;660;2;Kesehatan;110961108;60;Layak
35;49;Perempuan;Lajang;D3;2;Jawa;Swasta;33;14937302;4678680;486560555;148693853;Milik Sendiri;Cukup;690;4;Modal Usaha;35674923;84;Layak
36;46;Perempuan;Lajang;SMP;2;Jawa;Wirausaha;26;2986970;1357046;247709732;28040107;Sewa;Cukup;702;4;Kesehatan;32186564;84;Tidak Layak
37;41;Laki-laki;Lajang;S1;1;Sulawesi;Swasta;21;;5848178;645289496;58871675;Milik Sendiri;Buruk;574;3;Renovasi Rumah;100051528;48;Layak
38;32;Perempuan;Menikah;SD;5;Jawa;Swasta;23;13997641;5603153;514552264;42806745;Kontrak;Baik;762;1;Investasi;81717033;84;Layak
39;56;Laki-laki;Menikah;S1;2;Bali;Swasta;10;10175765;6771113;666086129;26782647;Menumpang;Buruk;485;3;Pendidikan;86763233;12;Layak
40;60;Perempuan;Lajang;S1;3;Jawa;Swasta;11;11998946;11340028;548775727;22635873;Milik Sendiri;Baik;485;2;Konsumtif;70120030;24;Layak
41;56;Laki-laki;Menikah;SMP;3;Sumatera;Freelance;11;17068082;5179780;434613892;129761530;Sewa;Buruk;408;3;Renovasi Rumah;179560669;24;Tidak Layak
42;26;Perempuan;Menikah;SD;5;Jawa;Wirausaha;6;10190062;9789898;771318364;41349799;Milik Sendiri;Baik;467;5;Renovasi Rumah;150437610;12;Layak
43;48;Laki-laki;Lajang;SMP;2;Sumatera;Swasta;5;8188132;8112676;409712772;7584461;Sewa;Baik;827;5;Modal Usaha;131119132;12;Layak
44;20;Perempuan;Menikah;SD;1;Jawa;Wirausaha;33;13064934;15132566;496560723;;Milik Sendiri;Tidak Ada Riwayat;582;5;Pendidikan;40280863;48;Layak
45;41;Perempuan;Menikah;SMA;4;Jawa;Wirausaha;27;6361267;4280287;76096756;61450828;Menumpang;Buruk;532;5;Konsumtif;27483711;60;Tidak Layak
46;21;Perempuan;Menikah;S1;1;Jawa;Swasta;30;5673207;1890446;173444926;143637270;Milik Sendiri;Baik;540;1;Modal Usaha;83604302;60;Layak
47;33;Laki-laki;Lajang;S1;1;Bali;PNS;10;4081281;4223534;441930934;144972332;Milik Sendiri;Tidak Ada Riwayat;634;5;Investasi;128329882;24;Tidak Layak
48;63;Perempuan;Menikah;S1;5;Sulawesi;PNS;29;12445219;9505552;58502884;83589495;Milik Sendiri;Baik;501;5;Renovasi Rumah;80841499;60;Layak
49;64;Perempuan;Menikah;SMA;3;Sulawesi;Tidak Bekerja;;14811;500000;694719193;120084963;Milik Sendiri;Baik;387;4;Kesehatan;188305594;12;Layak
50;18;Perempuan;Lajang;S1;1;Sumatera;Freelance;16;10526612;12327406;458322696;55389296;Kontrak;Baik;699;1;Pendidikan;82083701;24;Layak
51;30;Laki-laki;Lajang;SMA;3;Sumatera;Swasta;32;15380147;6839499;122346453;6947887;Menumpang;Cukup;400;4;Modal Usaha;64846793;84;Layak
52;41;Perempuan;Menikah;S1;2;Sumatera;Wirausaha;2;3775971;3554557;127133013;117699338;Sewa;Baik;690;3;Renovasi Rumah;46286230;60;Layak
53;55;Perempuan;Menikah;S1;2;Sulawesi;Wirausaha;9;11261187;13082029;566744855;133661366;Milik Sendiri;Cukup;813;1;Modal Usaha;21150186;60;Layak
54;60;Laki-laki;Lajang;SMA;1;Sumatera;Wirausaha;10;2391307;893010;149243856;110052316;Sewa;Buruk;587;2;Renovasi Rumah;47568156;24;Tidak Layak
55;27;Perempuan;Lajang;S1;3;Sumatera;Wirausaha;18;8863308;4589897;51802591;1164950;Sewa;Cukup;610;4;Renovasi Rumah;192469479;24;Layak
56;61;Laki-laki;Menikah;SMA;0;Sumatera;Swasta;22;;6993116;396001897;124452489;Sewa;Cukup;840;1;Modal Usaha;36433218;24;Layak
57;55;Laki-laki;Lajang;S1;4;NTT/NTB;Swasta;32;10913716;6584166;585303013;90528826;Sewa;Baik;495;4;Renovasi Rumah;8552522;12;Layak
58;62;Laki-laki;Lajang;S1;2;Kalimantan;Swasta;8;14617952;6072067;21225910;80803873;Milik Sendiri;Cukup;497;4;Renovasi Rumah;85079645;48;Tidak Layak
59;18;Laki-laki;Menikah;S1;4;Jawa;Wirausaha;31;16768581;10243477;607868687;139459559;Milik Sendiri;Buruk;792;4;Konsumtif;107481672;36;Layak
60;58;Laki-laki;Menikah;SMA;5;jawa;Wirausaha;9;12177622;9410742;114759807;105537854;Sewa;Baik;648;3;Kesehatan;89305018;84;Layak
61;37;Perempuan;Menikah;S1;4;Kalimantan;Swasta;11;3661773;3947331;633785536;81085802;Sewa;Buruk;652;3;Konsumtif;180968388;12;Tidak Layak
62;51;Laki-laki;Lajang;SMA;5;Kalimantan;Tidak Bekerja;0;469963;500000;660549172;47338282;Sewa;Buruk;830;1;Investasi;57665916;12;Tidak Layak
63;33;Perempuan;Lajang;S1;5;Jawa;PNS;16;13572036;4605958;148091458;53668984;Milik Sendiri;Cukup;776;5;Pendidikan;198184297;12;Layak
64;53;Perempuan;Menikah;D3;5;Sumatera;Tidak Bekerja;;;500000;114102364;56183281;Sewa;Baik;724;2;Kesehatan;58381822;48;Tidak Layak
65;53;Laki-laki;Menikah;S1;3;Sumatera;Swasta;18;17219811;16969042;70307052;52145592;Milik Sendiri;Baik;751;3;Pendidikan;90967659;36;Layak
66;24;Perempuan;Menikah;SMA;4;Jawa;Wirausaha;13;8270158;8326388;600482555;57196035;Milik Sendiri;Baik;607;2;Modal Usaha;22597189;84;Layak
67;54;Laki-laki;Lajang;S1;3;Jawa;Swasta;2;3928999;1620362;724049969;115484935;Milik Sendiri;Baik;415;2;Renovasi Rumah;160993334;36;Layak
68;57;Laki-laki;Lajang;SMA;3;Sulawesi;Swasta;33;7160780;8067931;676254861;33773695;Sewa;Buruk;553;1;Modal Usaha;92620253;24;Tidak Layak
69;45;Laki-laki;Lajang;SMA;1;Bali;Tidak Bekerja;0;464899;500000;348683338;125518064;Milik Sendiri;Buruk;314;5;Modal Usaha;14985124;60;Tidak Layak
70;20;Laki-laki;Menikah;S1;2;Jawa;Swasta;26;9272197;6535166;600617687;97107776;Menumpang;Cukup;390;4;Renovasi Rumah;132711278;84;Layak
71;23;Laki-laki;Menikah;D3;2;Bali;Swasta;28;10841962;3400407;325494504;85859790;Menumpang;Baik;609;3;Pendidikan;95810748;24;Layak
72;45;Perempuan;Menikah;SMA;0;Jawa;Wirausaha;12;;10069412;20336086;117470982;Milik Sendiri;Buruk;582;5;Kesehatan;156579495;12;Tidak Layak
73;27;Perempuan;Menikah;SMA;5;Sumatera;Wirausaha;21;12566773;9266731;203828532;40332100;Milik Sendiri;Baik;522;3;Renovasi Rumah;187850721;24;Layak
74;61;Perempuan;Menikah;D3;5;Sumatera;Wirausaha;10;5090453;5627943;30954286;123329792;Milik Sendiri;Buruk;636;5;Konsumtif;137902968;12;Tidak Layak
75;26;Laki-laki;Menikah;SMP;2;Jawa;Swasta;30;6891284;6497818;317436783;80497031;Sewa;Cukup;449;1;Investasi;97279977;24;Tidak Layak
76;59;Laki-laki;Menikah;S2;0;Jawa;Swasta;22;15079818;6510881;413434457;91684501;Milik Sendiri;Buruk;720;2;Modal Usaha;46318424;36;Layak
77;21;Perempuan;Menikah;SMA;2;Jawa;Swasta;33;10887757;12626980;556819287;48332609;Milik Sendiri;Buruk;610;4;Modal Usaha;102607690;84;Layak
78;58;Laki-laki;Duda/Janda;S1;3;Kalimantan;Swasta;5;11159211;12759789;480736006;20885099;Sewa;Baik;330;2;Kesehatan;26289121;24;Layak
79;51;Perempuan;Menikah;SMA;3;Jawa;PNS;13;12134071;6497957;741423665;126056900;Milik Sendiri;Cukup;726;5;Kesehatan;156717000;84;Layak
80;30;Perempuan;Duda/Janda;D3;2;Sumatera;Swasta;4;5790614;4362891;;45355471;Kontrak;Baik;351;5;Modal Usaha;139013121;12;Layak
81;43;Perempuan;Menikah;SMA;3;Kalimantan;Wirausaha;21;11453970;4607600;487022115;63141188;Sewa;Baik;731;2;Modal Usaha;157996038;84;Layak
82;62;L;Menikah;S1;0;Jawa;Swasta;20;14665938;13631210;654307349;139228907;Sewa;Tidak Ada Riwayat;495;1;Modal Usaha;157918423;60;Layak
83;36;Laki-laki;Lajang;S1;0;Jawa;Swasta;31;17652769;17977738;697017717;;Sewa;Tidak Ada Riwayat;730;2;Renovasi Rumah;5264627;12;Layak
84;61;Perempuan;Lajang;SD;5;Kalimantan;Swasta;6;17266780;17866391;;113908555;Sewa;Buruk;667;1;Modal Usaha;21860128;60;Layak
85;56;Laki-laki;Lajang;SMA;5;Sulawesi;Swasta;8;14968484;17287941;384486520;35753040;Menumpang;Cukup;360;5;Modal Usaha;166480237;60;Layak
86;22;Laki-laki;Menikah;SD;0;Sumatera;PNS;13;13071827;15347486;745205851;148275670;Milik Sendiri;Baik;789;4;Modal Usaha;23339200;84;Layak
87;22;Laki-laki;Duda/Janda;D3;0;Jawa;Swasta;18;15014451;5983094;453164205;73570393;Sewa;Cukup;687;5;Modal Usaha;17100499;24;Layak
88;31;Perempuan;Menikah;D3;5;Sumatera;Wirausaha;27;12889017;7032734;378206831;8957129;Milik Sendiri;Cukup;819;2;Investasi;146127370;24;Layak
89;31;Laki-laki;Lajang;SMA;3;Jawa;Swasta;28;16017377;11331166;297663740;109155740;Sewa;Baik;519;1;Modal Usaha;44216197;12;Layak
90;34;Laki-laki;Lajang;D3;0;Sumatera;PNS;18;13938660;8750810;312727819;63437040;Milik Sendiri;Buruk;421;2;Pendidikan;178115733;12;Tidak Layak
91;39;Perempuan;Duda/Janda;SMA;4;Jawa;Freelance;19;9641855;8144520;220445982;129896836;Milik Sendiri;Cukup;795;3;Renovasi Rumah;56588064;24;Tidak Layak
92;18;Perempuan;Lajang;D3;2;Jawa;Wirausaha;25;9180304;8621438;;12995121;Milik Sendiri;Baik;777;1;Renovasi Rumah;89687064;36;Layak
93;26;Laki-laki;Menikah;S1;4;Jawa;PNS;6;12361394;6529676;567762907;31179061;Sewa;Cukup;434;4;Modal Usaha;136358545;36;Layak
94;42;Perempuan;Lajang;SMA;0;Jawa;PNS;12;7926926;5041899;679351327;;Sewa;Tidak Ada Riwayat;813;1;Modal Usaha;92250981;36;Tidak Layak
95;22;Laki-laki;Menikah;S1;4;Jawa;Wirausaha;20;5262204;4470041;697008135;140336335;Sewa;Baik;403;1;Pendidikan;52146421;60;Layak
96;36;Laki-laki;Menikah;SMA;2;Bali;Freelance;11;;3607199;389113215;24943745;Menumpang;Baik;457;2;Kesehatan;191604537;48;Layak
97;24;Laki-laki;Lajang;SMA;0;Jawa;PNS;5;14589620;14035506;719801035;101467588;Milik Sendiri;Baik;532;1;Modal Usaha;141200972;48;Layak
98;42;Perempuan;Duda/Janda;SMA;4;Jawa;Tidak Bekerja;0;230284;500000;24503935;104775664;Kontrak;Cukup;628;1;Kesehatan;155488208;48;Tidak Layak
99;22;Perempuan;Menikah;S1;4;Jawa;PNS;8;9475856;8707637;336572775;26221841;Milik Sendiri;Baik;734;3;Modal Usaha;76090336;84;Layak
100;58;Laki-laki;Menikah;S1;0;Sumatera;Wirausaha;21;12043222;13392420;634224762;33619916;Sewa;Buruk;332;2;Investasi;53089980;84;Layak
101;64;Laki-laki;Lajang;SMA;2;Sumatera;Wirausaha;13;5258514;2446940;443119186;92911153;Milik Sendiri;Cukup;566;2;Modal Usaha;40577595;60;Tidak Layak
102;58;Laki-laki;Menikah;S1;2;Bali;Freelance;2;11543565;12348105;215467849;140519070;Milik Sendiri;Cukup;448;3;Konsumtif;175882903;24;Tidak Layak
103;47;Laki-laki;Lajang;SMA;4;Bali;Wirausaha;29;7182330;6605274;64924698;9023413;Kontrak;Buruk;838;1;Konsumtif;35003387;24;Tidak Layak
104;30;Perempuan;Menikah;SD;1;Jawa;PNS;13;8891621;3448089;590281365;94066050;Milik Sendiri;Baik;391;4;Modal Usaha;109011637;12;Layak
105;49;Laki-laki;Duda/Janda;D3;3;Jawa;Wirausaha;32;11205717;10186156;434781158;131018445;Kontrak;Cukup;796;5;Modal Usaha;54395486;12;Layak
106;47;Laki-laki;Menikah;SMA;3;Sumatera;Freelance;7;4881815;3773867;24459653;1706486;Milik Sendiri;Baik;836;5;Modal Usaha;11505071;12;Layak
107;46;Laki-laki;Menikah;SMP;5;Jawa;Wirausaha;32;12142303;10532324;160293538;148967992;Kontrak;Buruk;575;4;Investasi;147817162;24;Tidak Layak
108;64;Perempuan;Duda/Janda;SMA;4;Jawa;PNS;32;12679681;13621705;311649265;148304776;Milik Sendiri;Baik;675;4;Modal Usaha;59095029;12;Layak
109;57;Perempuan;Lajang;SMA;0;Sumatera;PNS;32;5899853;5882598;18271006;96284985;Milik Sendiri;Cukup;;1;Pendidikan;118041008;60;Tidak Layak
110;43;Laki-laki;Cerai;SMA;3;Sumatera;Swasta;26;17958523;16579766;669569533;1361619;Menumpang;Baik;306;5;Pendidikan;178879407;84;Layak
111;29;Perempuan;Menikah;SMA;4;Bali;Swasta;7;11463768;10691404;48176770;14717227;Milik Sendiri;Tidak Ada Riwayat;339;4;Modal Usaha;197086564;48;Tidak Layak
112;42;Perempuan;Menikah;D3;3;Jawa;Swasta;8;16575535;5010637;505850289;86861911;Milik Sendiri;Baik;;5;Renovasi Rumah;22033174;24;Layak
113;32;Laki-laki;Menikah;SMA;5;Sumatera;Swasta;26;2149678;921884;599791169;61695501;Sewa;Baik;542;2;Modal Usaha;166924903;48;Layak
114;62;Laki-laki;Menikah;D3;2;Sulawesi;Wirausaha;1;6677257;6994973;14358239;147121832;Milik Sendiri;Baik;534;5;Modal Usaha;196954380;60;Layak
115;45;Perempuan;Lajang;D3;1;Jawa;PNS;11;1665078874;2468874;56049022;35351726;Milik Sendiri;Buruk;712;5;Renovasi Rumah;67710160;36;Layak
116;63;Perempuan;Menikah;S1;0;Sumatera;Swasta;23;8347972;8727927;161125967;82150236;Milik Sendiri;Baik;632;1;Renovasi Rumah;104831700;48;Layak
117;56;Perempuan;Menikah;D3;0;Kalimantan;Swasta;21;14530643;16598625;82886727;120659179;Milik Sendiri;Cukup;607;1;Kesehatan;49073766;36;Tidak Layak
118;53;Laki-laki;Menikah;S1;2;Bali;PNS;23;13036739;6218721;755343826;48733464;Milik Sendiri;Baik;586;2;Modal Usaha;44256676;60;Layak
119;47;Perempuan;Lajang;SMA;3;Jawa;Wirausaha;7;12855466;9890810;;35764815;Milik Sendiri;Buruk;316;2;Investasi;116911638;24;Layak
120;26;Laki-laki;Menikah;SMA;0;Sumatera;PNS;24;11278619;7338535;606252273;118615307;Sewa;Cukup;618;3;Kesehatan;38308791;60;Layak
121;23;Laki-laki;Menikah;SMA;5;Jawa;Freelance;10;12838961;9022368;684330762;857762;Sewa;Cukup;693;5;Modal Usaha;132513145;24;Layak
122;40;Perempuan;Menikah;SMA;5;Sumatera;Swasta;24;17245678;8523185;271281431;143046645;Milik Sendiri;Baik;813;5;Modal Usaha;9735417;60;Layak
123;30;Perempuan;Menikah;S1;4;Sulawesi;Swasta;11;10359995;3751495;519347727;71305843;Menumpang;Baik;420;1;Pendidikan;37322149;36;Layak
124;31;Laki-laki;Menikah;S2;3;Jawa;Freelance;30;10562557;9729748;775091253;102924483;Kontrak;Baik;363;4;Renovasi Rumah;86720144;12;Layak
125;28;Perempuan;Menikah;S2;2;Kalimantan;Wirausaha;29;11463254;11827729;171951701;31515454;Milik Sendiri;Cukup;;2;Konsumtif;98272443;60;Layak
126;23;Perempuan;Menikah;SMA;5;Sumatera;Swasta;28;17548842;9898609;654959770;132050685;Sewa;Baik;458;2;Modal Usaha;104468210;12;Layak
127;60;Perempuan;Lajang;SD;4;Jawa;PNS;6;8496303;9408097;569685934;102029866;Sewa;Cukup;750;3;Modal Usaha;143449907;48;Layak
128;49;Laki-laki;Lajang;SD;0;Kalimantan;Swasta;31;14996268;15732367;351358061;119563539;Milik Sendiri;Buruk;457;1;Modal Usaha;89356531;60;Tidak Layak
129;52;Perempuan;Menikah;SMA;2;Sulawesi;Swasta;4;5445905;4864828;421830316;123045478;Menumpang;Buruk;542;4;Modal Usaha;145028839;24;Tidak Layak
130;30;Laki-laki;Lajang;D3;1;jawa;Wirausaha;33;15845824;14669069;281837697;9285418;Milik Sendiri;Baik;306;2;Kesehatan;93250965;24;Layak
131;44;Perempuan;Menikah;S1;3;Sulawesi;Swasta;9;6715466;4596288;722730240;104907275;Milik Sendiri;Baik;790;5;Modal Usaha;42927782;84;Layak
132;53;Perempuan;Lajang;D3;2;Jawa;Swasta;17;14804993;10994752;727704281;47660839;Sewa;Baik;;3;Kesehatan;99014556;24;Layak
133;46;Laki-laki;Lajang;SMA;5;Sumatera;Wirausaha;23;4568229;1540384;380477179;94710144;Milik Sendiri;Baik;449;5;Modal Usaha;163472083;24;Layak
134;32;Laki-laki;Menikah;SMP;1;Sumatera;Swasta;21;14282301;7191720;559764176;73315418;Sewa;Buruk;677;1;Renovasi Rumah;189673507;24;Layak
135;45;Laki-laki;Menikah;SMP;0;Sumatera;Swasta;22;17965900;13210053;213361149;111323396;Milik Sendiri;Baik;553;2;Renovasi Rumah;17546265;84;Layak
136;38;Perempuan;Menikah;SMP;5;Sumatera;PNS;31;8271167;9122646;47419040;46139348;Milik Sendiri;Baik;345;2;Modal Usaha;93485811;24;Layak
137;27;Laki-laki;Lajang;S1;0;Sumatera;Wirausaha;23;14397296;8402292;229432265;123120786;Milik Sendiri;Buruk;404;2;Renovasi Rumah;170991073;24;Tidak Layak
138;59;Laki-laki;Menikah;SMP;1;Sumatera;Wirausaha;10;4001284;3141168;697578930;262526;Kontrak;Baik;490;1;Modal Usaha;64172814;12;Layak
139;27;Perempuan;Lajang;S1;3;Sulawesi;Swasta;30;17900936;20166412;217230713;48192536;Kontrak;Buruk;833;5;Investasi;21943957;48;Layak
140;60;Laki-laki;Cerai;SMP;1;Sumatera;Wirausaha;33;14651649;12502154;323815743;63509464;Kontrak;Baik;514;3;Konsumtif;127916777;60;Layak
141;29;Laki-laki;Menikah;S1;0;Jawa;Swasta;12;2232165;2068749;458711235;140056292;Kontrak;Buruk;818;5;Pendidikan;105680206;24;Tidak Layak
142;56;Laki-laki;Lajang;SMA;5;Sumatera;Swasta;11;9163161;4225675;341754206;74338663;Sewa;Baik;326;5;Investasi;178809492;12;Layak
143;47;Laki-laki;Menikah;S1;3;Kalimantan;Tidak Bekerja;;341213;500000;90429008;100005200;Milik Sendiri;Baik;687;3;Renovasi Rumah;24582323;12;Tidak Layak
144;52;Perempuan;Cerai;S1;3;JAWA;Swasta;9;12058838;5560579;60602144;54851832;Milik Sendiri;Buruk;809;2;Pendidikan;164588509;84;Tidak Layak
145;46;Perempuan;Menikah;S1;2;Jawa;Freelance;21;10543731;7075008;400171168;109203381;Kontrak;Baik;484;2;Renovasi Rumah;171587845;12;Layak
146;63;Perempuan;Menikah;SMA;3;Jawa;Swasta;21;5133161;4047109;40798811;117169131;Milik Sendiri;Baik;430;1;Renovasi Rumah;15322542;24;Tidak Layak
147;48;Laki-laki;Menikah;S2;1;Jawa;Swasta;17;15409127;4727930;315609241;65880316;Sewa;Cukup;806;4;Modal Usaha;180194145;60;Layak
148;49;Laki-laki;Cerai;SMA;5;Sumatera;Wirausaha;13;14418477;13783090;248659555;109069203;Milik Sendiri;Cukup;785;3;Modal Usaha;44688957;60;Layak
149;27;Perempuan;Menikah;SMA;0;Kalimantan;Wirausaha;4;4966722;3277083;669992498;104379767;Sewa;Cukup;588;2;Investasi;115311990;12;Layak
150;29;Laki-laki;Lajang;D3;0;Kalimantan;PNS;27;13938554;7129487;646838579;8366047;Sewa;Buruk;819;2;Pendidikan;191766839;24;Layak
151;30;Perempuan;Menikah;S1;2;Jawa;Wirausaha;14;2822638;2855514;736520882;112832224;Sewa;Baik;536;4;Konsumtif;188478028;60;Layak
152;45;Perempuan;Lajang;S1;0;Sulawesi;Tidak Bekerja;0;;500000;607817441;22899363;Milik Sendiri;Buruk;809;5;Renovasi Rumah;159956171;12;Tidak Layak
153;37;Laki-laki;Menikah;S2;5;Jawa;Wirausaha;15;13743250;9276665;645819801;94791539;Milik Sendiri;Buruk;763;1;Pendidikan;158909377;36;Layak
154;49;Laki-laki;Menikah;S1;3;Bali;Swasta;3;15601462;15100320;266889351;100826414;Kontrak;Cukup;565;1;Modal Usaha;99774025;12;Layak
155;59;Laki-laki;Menikah;S2;0;Jawa;PNS;23;4872980;2803064;457478543;119925135;Milik Sendiri;Cukup;433;4;Konsumtif;196339600;24;Tidak Layak
156;64;laki-laki;Lajang;S1;2;Sumatera;PNS;13;8050276;3343635;261557967;78086239;Sewa;Baik;478;2;Modal Usaha;33507522;60;Layak
157;29;Laki-laki;Cerai;S1;4;Jawa;Swasta;2;15255635;12276305;408721260;46692389;Kontrak;Baik;808;2;Konsumtif;176493757;48;Layak
158;42;Laki-laki;Menikah;SMP;3;Kalimantan;Tidak Bekerja;0;332973;500000;730101973;64027494;Kontrak;Baik;339;4;Kesehatan;47931509;12;Layak
159;63;Laki-laki;Cerai;D3;5;Sumatera;Wirausaha;18;5553622;6487293;190406275;106582739;Kontrak;Cukup;615;1;Konsumtif;133246755;84;Tidak Layak
160;53;Perempuan;Lajang;SMA;4;Jawa;Swasta;30;10525394;6471563;241548734;130480210;Milik Sendiri;Buruk;576;4;Konsumtif;114555072;60;Tidak Layak
161;19;Laki-laki;Menikah;SMA;3;Sumatera;Swasta;11;10485506;5023955;121170312;60439235;Sewa;Baik;390;3;Renovasi Rumah;118863196;36;Layak
162;19;Perempuan;Menikah;SMA;1;Bali;Swasta;23;;4511499;764512559;125751390;Milik Sendiri;Baik;348;3;Modal Usaha;93831044;36;Layak
163;22;Laki-laki;Menikah;D3;2;Jawa;Freelance;34;10970591;5452034;157473015;;Milik Sendiri;Tidak Ada Riwayat;355;2;Investasi;52341745;84;Tidak Layak
164;31;Laki-laki;Menikah;S2;0;Kalimantan;Tidak Bekerja;0;238913;500000;250345168;71529467;Milik Sendiri;Baik;391;4;Pendidikan;89790350;48;Tidak Layak
165;49;Perempuan;Lajang;S1;4;Jawa;PNS;23;9725188;10801846;120048311;109001486;Sewa;Buruk;551;1;Renovasi Rumah;155593266;12;Tidak Layak
166;29;Perempuan;Menikah;SD;4;Jawa;Swasta;8;1920815;1324876;482714714;87695309;Menumpang;Cukup;595;3;Modal Usaha;168082689;36;Tidak Layak
167;62;Laki-laki;Lajang;SMA;0;Kalimantan;Swasta;10;13377591;12689782;547558240;28575555;Milik Sendiri;Baik;313;2;Renovasi Rumah;124358970;36;Layak
168;30;Laki-laki;Lajang;SMA;4;Sumatera;Tidak Bekerja;0;416248;500000;796647623;;Sewa;Tidak Ada Riwayat;595;3;Renovasi Rumah;161411628;48;Tidak Layak
169;40;Laki-laki;Menikah;SMA;2;Kalimantan;Swasta;27;7246615;2831461;557663721;142494568;Menumpang;Buruk;817;3;Kesehatan;116657333;60;Tidak Layak
170;25;Laki-laki;Cerai;SMA;1;Sumatera;Swasta;20;10841335;11594010;755981861;88495496;Milik Sendiri;Buruk;664;1;Renovasi Rumah;152437925;84;Layak
171;58;Perempuan;Menikah;SMP;5;Kalimantan;Swasta;24;10582056;7885643;17771720;3366499;Milik Sendiri;Cukup;333;4;Renovasi Rumah;190726706;48;Layak
172;30;Perempuan;Lajang;S1;0;Kalimantan;Wirausaha;33;8205212;2466982;521930743;65374059;Sewa;Baik;318;5;Investasi;130137795;48;Layak
173;35;L;Menikah;S1;1;Jawa;Tidak Bekerja;;180384;500000;;136096852;Kontrak;Baik;811;2;Pendidikan;73466645;24;Layak
174;29;Laki-laki;Menikah;SMA;1;Sulawesi;PNS;10;10166270;7367739;204937175;41782122;Sewa;Cukup;681;5;Kesehatan;84194924;48;Layak
175;38;Laki-laki;Menikah;SMA;1;Kalimantan;PNS;17;11682233;12470783;524921985;103386567;Menumpang;Tidak Ada Riwayat;745;5;Modal Usaha;36302085;12;Layak
176;54;Perempuan;Lajang;S1;3;Bali;Swasta;19;2473647;2044636;351599947;139715811;Menumpang;Baik;301;3;Kesehatan;115273359;84;Layak
177;33;Perempuan;Lajang;SMP;4;Kalimantan;Swasta;16;13048073;4777499;439065941;83117621;Milik Sendiri;Buruk;500;2;Investasi;33954086;36;Tidak Layak
178;43;Perempuan;Menikah;S1;5;Kalimantan;Wirausaha;5;9794949;5906141;84658071;76350200;Milik Sendiri;Tidak Ada Riwayat;673;1;Kesehatan;16833077;60;Tidak Layak
179;28;Perempuan;Menikah;S1;4;Sumatera;Swasta;7;5194576;3178125;246673597;51323085;Milik Sendiri;Cukup;765;5;Modal Usaha;148041152;84;Tidak Layak
180;62;Perempuan;Menikah;SMA;1;Jawa;Swasta;4;12876197;14920253;673096718;141103984;Milik Sendiri;Buruk;806;2;Pendidikan;26842919;24;Layak
181;48;Perempuan;Lajang;SMA;4;Bali;Wirausaha;18;11215585;4979051;293443084;114218964;Kontrak;Baik;460;2;Investasi;110844561;12;Layak
182;61;Laki-laki;Menikah;SD;4;Jawa;Swasta;34;7384650;7995993;714188337;112165043;Sewa;Baik;596;4;Pendidikan;101387626;60;Layak
183;52;Perempuan;Lajang;SMA;4;Kalimantan;Freelance;4;12325964;8341103;531828067;74656601;Sewa;Buruk;753;4;Konsumtif;7718637;84;Layak
184;37;Laki-laki;Menikah;SMA;5;Kalimantan;Freelance;10;14244649;4929906;470560514;30643519;Milik Sendiri;Tidak Ada Riwayat;705;3;Modal Usaha;180859022;48;Layak
185;59;Perempuan;Lajang;S1;5;Jawa;Freelance;8;4242254;4107731;264442220;110789934;Milik Sendiri;Cukup;644;1;Renovasi Rumah;152990778;48;Tidak Layak
186;59;Laki-laki;Cerai;SMA;5;Bali;PNS;33;;9196500;;25485805;Sewa;Cukup;388;5;Kesehatan;151081296;84;Layak
187;27;Laki-laki;Lajang;SMA;2;Sulawesi;PNS;15;13637587;14831343;423205291;97750838;Kontrak;Cukup;364;1;Konsumtif;51288707;36;Layak
188;57;Perempuan;Menikah;S2;1;Sumatera;Swasta;16;14165621;5039358;680064302;120784159;Sewa;Cukup;818;1;Kesehatan;51367502;48;Layak
189;22;Perempuan;Menikah;SD;1;Sumatera;PNS;17;9105176;4325459;735768273;13858877;Sewa;Baik;651;1;Modal Usaha;163943314;48;Layak
190;57;Perempuan;Menikah;SMP;1;Kalimantan;PNS;16;6423267;4302737;151746200;129283215;Milik Sendiri;Cukup;666;2;Renovasi Rumah;175544155;24;Tidak Layak
191;19;Laki-laki;Menikah;SMA;0;Jawa;Tidak Bekerja;;239859;500000;498437893;42304949;Milik Sendiri;Baik;369;2;Renovasi Rumah;184768828;84;Layak
192;22;Perempuan;Menikah;D3;0;Jawa;Freelance;2;6787888;2507660;498846109;65814669;Kontrak;Buruk;508;1;Pendidikan;8620535;12;Tidak Layak
193;60;Perempuan;Lajang;S1;5;Sumatera;Tidak Bekerja;;384617;500000;614743808;43556733;Milik Sendiri;Cukup;;5;Modal Usaha;114929184;48;Tidak Layak
194;55;Perempuan;Lajang;SMA;0;Sumatera;Freelance;8;6289013;4473686;188344684;39207650;Sewa;Baik;563;2;Renovasi Rumah;126516637;84;Layak
195;52;Laki-laki;Menikah;SMA;3;Sulawesi;Wirausaha;18;14704699;13395386;420279701;3021405;Milik Sendiri;Cukup;628;5;Investasi;186479330;12;Layak
196;30;Perempuan;Lajang;S1;3;Jawa;Swasta;20;7342156;4875934;300353269;135391207;Kontrak;Buruk;387;4;Investasi;102154615;36;Tidak Layak
197;42;Perempuan;Menikah;SMA;3;Kalimantan;Wirausaha;6;8687840;2995460;146940522;138051676;Sewa;Cukup;759;4;Renovasi Rumah;188407291;48;Tidak Layak
198;52;Laki-laki;Cerai;SMA;2;Sumatera;Swasta;12;4148770;3108750;43693985;137848194;Milik Sendiri;Baik;523;5;Renovasi Rumah;189946591;36;Tidak Layak
199;25;Perempuan;Lajang;SMA;3;Sulawesi;Swasta;2;10484310;9174664;526834209;51125809;Menumpang;Cukup;575;2;Modal Usaha;32135448;84;Layak
200;56;Laki-laki;Menikah;SMA;1;NTT/NTB;Swasta;13;10195367;11898012;125466574;8992526;Kontrak;Buruk;;2;Kesehatan;32008328;60;Tidak Layak
201;54;Laki-laki;Menikah;S1;3;Jawa;Wirausaha;16;5509412;4859853;402450771;59620426;Kontrak;Buruk;511;5;Konsumtif;31395701;12;Tidak Layak
202;40;Laki-laki;Lajang;S1;2;Kalimantan;PNS;10;12075042;5046445;735095967;115216177;Milik Sendiri;Baik;557;1;Konsumtif;144026537;24;Layak
203;36;Perempuan;Menikah;S1;0;Jawa;Tidak Bekerja;0;456070;500000;5117955;38317026;Menumpang;Baik;711;5;Renovasi Rumah;150470131;60;Tidak Layak
204;36;Laki-laki;Lajang;SMA;5;Sumatera;Wirausaha;27;5508866;3325694;681848011;;Milik Sendiri;Tidak Ada Riwayat;690;2;Renovasi Rumah;16423671;24;Layak
205;51;Perempuan;Lajang;S1;0;Kalimantan;Swasta;28;5425226;4520221;656343874;35563332;Menumpang;Cukup;379;5;Investasi;157101185;84;Layak
206;24;Perempuan;Menikah;S1;2;Kalimantan;Swasta;1;3198175;961454;148091488;;Milik Sendiri;Tidak Ada Riwayat;746;4;Pendidikan;22324678;60;Tidak Layak
207;50;Laki-laki;Menikah;SMA;1;Jawa;Tidak Bekerja;;127422;500000;392075882;61168497;Milik Sendiri;Baik;483;3;Modal Usaha;21847373;36;Layak
208;22;Perempuan;Menikah;S1;0;Sumatera;Swasta;4;13515265;14773821;11800037;26275565;Sewa;Cukup;391;2;Kesehatan;36856214;24;Layak
209;42;Laki-laki;Menikah;S1;2;Jawa;PNS;8;12162600;9152870;377851628;11108911;Menumpang;Baik;396;2;Renovasi Rumah;137055416;12;Layak
210;49;Perempuan;Menikah;SMA;4;Jawa;Swasta;29;4924182;1897423;570656726;95528802;Sewa;Cukup;483;4;Kesehatan;66551362;60;Tidak Layak
211;23;Perempuan;Menikah;SMA;4;Jawa;Swasta;5;9486139;7278912;338512339;89825712;Menumpang;Baik;725;3;Konsumtif;35748231;60;Layak
212;46;Perempuan;Lajang;SMA;3;Jawa;Wirausaha;21;13953706;11140938;425774490;136064690;Menumpang;Buruk;433;3;Modal Usaha;141755933;12;Tidak Layak
213;32;Laki-laki;Menikah;SMA;2;Jawa;Freelance;12;8816220;3270175;578372098;148090697;Milik Sendiri;Baik;752;4;Renovasi Rumah;47119443;48;Layak
214;47;Perempuan;Lajang;S1;1;Jawa;Freelance;22;8025838;8559778;732113444;76437372;Milik Sendiri;Buruk;545;1;Renovasi Rumah;121373028;48;Tidak Layak
215;39;Laki-laki;Lajang;SMA;2;Kalimantan;PNS;23;6504726;4640562;528498449;145036689;Milik Sendiri;Cukup;586;1;Investasi;78945248;60;Layak
216;28;Laki-laki;Menikah;SMA;2;Jawa;Freelance;24;4523398;1874712;153061895;88449052;Menumpang;Cukup;790;2;Modal Usaha;108730250;24;Tidak Layak
217;23;Laki-laki;Menikah;SMA;4;Sumatera;PNS;3;;4325425;234063856;44293494;Milik Sendiri;Buruk;455;2;Pendidikan;46512117;24;Tidak Layak
218;23;Perempuan;Cerai;D3;4;Jawa;Tidak Bekerja;0;104781;500000;594158974;94290135;Sewa;Cukup;302;2;Investasi;181030425;36;Tidak Layak
219;30;Perempuan;Lajang;SMP;1;Kalimantan;Swasta;24;;3321090;19669362;77798452;Milik Sendiri;Baik;371;5;Modal Usaha;176386238;24;Layak
220;54;Laki-laki;Menikah;SMA;0;Sulawesi;Wirausaha;8;4889322;3641599;481557028;112104238;Milik Sendiri;Cukup;731;1;Renovasi Rumah;102697781;24;Layak
221;50;Laki-laki;Lajang;S1;0;Jawa;Swasta;3;17428891;17458030;255303221;39985338;Kontrak;Tidak Ada Riwayat;355;2;Renovasi Rumah;15274889;12;Layak
222;22;Laki-laki;Menikah;D3;5;Jawa;Freelance;13;6657489;2713121;426656983;86128427;Menumpang;Baik;678;5;Modal Usaha;33286850;12;Layak
223;29;Perempuan;Lajang;SMP;4;Kalimantan;Swasta;5;12198929;6606514;586191620;65390910;Milik Sendiri;Buruk;713;4;Modal Usaha;72316293;48;Layak
224;18;Laki-laki;Lajang;SMA;1;Jawa;Swasta;3;2190189;1711815;275946820;53930729;Menumpang;Cukup;640;1;Renovasi Rumah;59424239;36;Tidak Layak
225;48;Perempuan;Lajang;SMA;3;Jawa;Wirausaha;30;8353321;6570049;605203527;;Sewa;Tidak Ada Riwayat;405;1;Renovasi Rumah;196689853;84;Tidak Layak
226;51;Perempuan;Duda/Janda;D3;5;Jawa;Wirausaha;2;6929866;4378758;222428188;;Milik Sendiri;Tidak Ada Riwayat;358;1;Modal Usaha;183214154;36;Tidak Layak
227;40;Perempuan;Menikah;S1;1;Sumatera;Wirausaha;24;7314105;8750464;467872960;127096601;Milik Sendiri;Cukup;313;3;Renovasi Rumah;68818067;24;Tidak Layak
228;36;Perempuan;Menikah;D3;1;Sumatera;Tidak Bekerja;;450711;500000;193574079;102645654;Sewa;Cukup;545;4;Renovasi Rumah;141424432;24;Tidak Layak
229;23;Perempuan;Menikah;SD;1;Jawa;Swasta;2;12576516;3864371;706047523;121108904;Milik Sendiri;Baik;706;5;Modal Usaha;10082946;60;Layak
230;55;Perempuan;Menikah;D3;1;Jawa;Freelance;5;7949095;3449464;577878914;129709953;Sewa;Buruk;604;1;Renovasi Rumah;121903689;60;Tidak Layak
231;35;L;Lajang;S1;4;Sumatera;PNS;25;3135427;2564386;167341271;41358788;Kontrak;Cukup;838;1;Modal Usaha;108983267;12;Tidak Layak
232;64;Perempuan;Lajang;SMA;4;Kalimantan;PNS;8;;11893226;411207639;93143147;Sewa;Baik;640;4;Investasi;94331926;12;Layak
233;48;Laki-laki;Menikah;SMA;4;Jawa;Freelance;11;12605869;9777225;5521448;121466696;Kontrak;Cukup;;4;Pendidikan;68285645;24;Tidak Layak
234;34;Laki-laki;Cerai;D3;2;Kalimantan;PNS;15;10808008;6267655;783100505;68874894;Kontrak;Baik;516;4;Pendidikan;60857342;12;Layak
235;29;Perempuan;Lajang;SD;2;Jawa;PNS;9;6616921;5167966;5322997;15869030;Milik Sendiri;Baik;486;2;Konsumtif;12527795;12;Layak
236;38;Perempuan;Lajang;S1;4;Jawa;Wirausaha;5;11106285;7818159;281357999;117982065;Milik Sendiri;Baik;373;2;Modal Usaha;124642312;24;Layak
237;53;Perempuan;Menikah;SMA;2;Sulawesi;Wirausaha;27;8173584;6802981;453616702;19712277;Menumpang;Buruk;490;4;Konsumtif;151049224;48;Layak
238;20;Perempuan;Lajang;SMA;1;Kalimantan;Swasta;23;14368148;8668265;60753737;146785506;Milik Sendiri;Buruk;311;5;Renovasi Rumah;123301296;36;Tidak Layak
239;24;Perempuan;Lajang;S1;5;NTT/NTB;Tidak Bekerja;0;129355;500000;455061170;;Milik Sendiri;Tidak Ada Riwayat;652;3;Modal Usaha;60239482;24;Tidak Layak
240;55;Laki-laki;Lajang;SMP;0;Sumatera;Swasta;2;17444223;7075049;96603116;;Menumpang;Tidak Ada Riwayat;609;2;Modal Usaha;21751725;60;Tidak Layak
241;56;Laki-laki;Lajang;SMA;1;Kalimantan;Freelance;25;5367348;6069956;571289693;117116480;Milik Sendiri;Cukup;665;3;Kesehatan;174201276;12;Layak
242;41;Perempuan;Duda/Janda;SMA;3;Jawa;PNS;27;10197523;11897063;260769152;;Milik Sendiri;Tidak Ada Riwayat;418;1;Pendidikan;13586714;12;Tidak Layak
243;56;Perempuan;Lajang;S2;1;JAWA;Wirausaha;9;7471062;5100704;259796531;144687698;Sewa;Buruk;621;4;Investasi;136879383;24;Tidak Layak
244;28;Perempuan;Menikah;SMP;3;Bali;PNS;31;4506918;2423781;314219665;14523690;Milik Sendiri;Baik;801;1;Modal Usaha;187574604;60;Layak
245;32;Perempuan;Lajang;SMA;3;Sumatera;Swasta;11;5979228;2194003;42155679;19958240;Milik Sendiri;Baik;649;2;Renovasi Rumah;37449839;60;Layak
246;61;Perempuan;Lajang;SMA;0;Sumatera;Freelance;1;9426132;3879275;433738770;77644992;Menumpang;Cukup;;2;Renovasi Rumah;51002535;12;Tidak Layak
247;61;Perempuan;Lajang;S1;1;Jawa;Wirausaha;2;12443769;4551100;485714870;23404732;Milik Sendiri;Buruk;808;3;Renovasi Rumah;28460443;24;Layak
248;32;Perempuan;Menikah;D3;5;Kalimantan;PNS;9;11559946;12067898;312418599;141348523;Sewa;Baik;482;2;Konsumtif;103586644;36;Layak
249;47;Laki-laki;Menikah;S1;5;Jawa;Wirausaha;11;13916721;13993067;56871314;22660571;Milik Sendiri;Cukup;517;2;Modal Usaha;76219757;36;Layak
250;32;Perempuan;Duda/Janda;S2;0;Sumatera;Tidak Bekerja;0;491643;514696;684095350;112988499;Menumpang;Baik;367;1;Konsumtif;161978024;60;Layak
251;44;Laki-laki;Menikah;S1;0;Sumatera;Wirausaha;13;10681495;6551457;214371106;114934435;Kontrak;Cukup;330;2;Investasi;44299858;48;Tidak Layak
252;18;Laki-laki;Menikah;D3;5;NTT/NTB;Swasta;7;15620702;7965666;691368690;18098119;Kontrak;Cukup;486;5;Investasi;86864150;12;Layak
253;39;Perempuan;Duda/Janda;SMA;4;Jawa;Freelance;19;9641855;8144520;220445982;129896836;Milik Sendiri;Cukup;795;3;Renovasi Rumah;56588064;24;Tidak Layak
254;32;Laki-laki;Duda/Janda;SD;4;Jawa;Wirausaha;34;16919287;11457804;359934360;32056071;Sewa;Baik;313;3;Pendidikan;142366582;12;Layak
255;63;Perempuan;Lajang;D3;3;NTT/NTB;Swasta;8;17324323;15786091;760810099;115025492;Kontrak;Cukup;613;5;Kesehatan;15775098;36;Layak
256;29;Laki-laki;Menikah;SMA;4;Sumatera;Wirausaha;2;3707215;1467408;489194650;137102243;Sewa;Cukup;652;1;Pendidikan;91978883;12;Tidak Layak
257;21;Laki-laki;Menikah;SMA;1;Kalimantan;Swasta;4;3574764;2488393;475947007;121222559;Milik Sendiri;Baik;605;4;Investasi;122677884;84;Layak
258;31;Perempuan;Menikah;SMA;3;Sulawesi;Wirausaha;18;16788461;6954341;239894053;88218343;Sewa;Baik;420;2;Pendidikan;104054885;84;Layak
259;59;Laki-laki;Menikah;S2;5;Sumatera;Freelance;8;11925431;10025450;13725602;54677374;Milik Sendiri;Buruk;707;2;Renovasi Rumah;139324473;36;Tidak Layak
260;31;Perempuan;Lajang;S2;3;Jawa;Tidak Bekerja;0;400924;500000;297675091;116415053;Sewa;Buruk;390;2;Pendidikan;134087283;12;Tidak Layak
261;31;Laki-laki;Menikah;S1;0;Kalimantan;Swasta;24;2195268;1544554;747709518;40847986;Kontrak;Baik;683;1;Modal Usaha;18602449;12;Layak
262;55;Laki-laki;Menikah;S1;0;Kalimantan;Freelance;15;16517521;18297449;160767500;71580070;Milik Sendiri;Buruk;681;1;Konsumtif;68192400;48;Layak
263;30;Laki-laki;Lajang;SMA;4;Sumatera;Freelance;8;2611137;2368489;343436320;42347645;Sewa;Cukup;562;4;Renovasi Rumah;66470762;60;Tidak Layak
264;57;Perempuan;Lajang;S1;3;Sumatera;Wirausaha;7;3358314;1614096;724169241;97966222;Sewa;Baik;479;4;Renovasi Rumah;45477452;24;Layak
265;19;Perempuan;Menikah;S1;5;Jawa;Tidak Bekerja;0;123544;500000;86073173;1423376;Milik Sendiri;Baik;552;2;Kesehatan;40357177;36;Tidak Layak
266;36;Laki-laki;Lajang;S1;5;Jawa;Swasta;31;1517180;758329;271327233;107963810;Kontrak;Cukup;410;2;Konsumtif;112336694;24;Tidak Layak
267;57;Perempuan;Menikah;S1;5;Kalimantan;Tidak Bekerja;;444811;500000;25525200;105731038;Sewa;Baik;570;2;Modal Usaha;110904046;12;Tidak Layak
268;55;Perempuan;Menikah;D3;4;Jawa;PNS;3;8648736;6179111;702328954;70477798;Milik Sendiri;Baik;656;3;Pendidikan;195510249;24;Layak
269;49;Perempuan;Lajang;D3;4;Sumatera;Wirausaha;12;12658365;14665222;29705172;51069685;Milik Sendiri;Cukup;425;3;Modal Usaha;76568479;24;Tidak Layak
270;29;Perempuan;Menikah;S1;2;Sulawesi;Wirausaha;8;4959951;5733084;244629;64095218;Milik Sendiri;Baik;800;5;Konsumtif;193015599;60;Layak
271;30;Laki-laki;Lajang;S1;5;Sumatera;Swasta;8;4226821;3120153;68228857;91567735;Sewa;Buruk;467;3;Modal Usaha;64124860;24;Tidak Layak
272;41;Perempuan;Menikah;SMP;2;Jawa;Swasta;24;11184579;5973813;774897467;;Milik Sendiri;Tidak Ada Riwayat;620;1;Pendidikan;41782003;60;Layak
273;25;Laki-laki;Lajang;SD;3;Sumatera;Wirausaha;17;9266482;5779198;494001276;88218394;Milik Sendiri;Baik;777;1;Modal Usaha;21940172;24;Layak
274;25;Perempuan;Lajang;S1;0;Sumatera;Freelance;27;2981544;1343611;490052247;15927649;Sewa;Baik;646;3;Renovasi Rumah;105233201;24;Layak
275;29;Perempuan;Menikah;S1;5;Jawa;Wirausaha;7;11863301;12384136;83983216;147231542;Sewa;Baik;383;2;Modal Usaha;193019427;84;Layak
276;23;Laki-laki;Lajang;S1;1;Jawa;PNS;27;14944683;15485631;181972604;143807103;Sewa;Baik;801;4;Kesehatan;149586167;84;Layak
277;45;Perempuan;Menikah;SMP;0;Jawa;Wirausaha;12;2128452;1749401;30524357;67533182;Sewa;Baik;827;4;Renovasi Rumah;151498376;36;Layak
278;35;Laki-laki;Menikah;S1;0;Bali;Swasta;28;;4056384;145889881;44948137;Sewa;Baik;481;3;Renovasi Rumah;105054978;60;Layak
279;37;L;Duda/Janda;SD;2;Sulawesi;Swasta;19;16257812;18778098;311219714;27956834;Milik Sendiri;Baik;563;5;Pendidikan;43009070;60;Layak
280;57;Laki-laki;Cerai;SMA;3;Jawa;Wirausaha;29;9591463;4948339;125583328;29809275;Sewa;Tidak Ada Riwayat;610;4;Investasi;30708823;24;Tidak Layak
281;33;Perempuan;Cerai;SMP;3;Sumatera;Swasta;1;12398207;9352442;321164638;45430294;Milik Sendiri;Tidak Ada Riwayat;803;3;Kesehatan;87222959;84;Tidak Layak
282;18;Laki-laki;Lajang;SMP;0;Jawa;Swasta;16;7718349;6480915;540632360;42749094;Kontrak;Baik;823;3;Kesehatan;13100903;36;Layak
283;57;Laki-laki;Lajang;SMA;5;Sulawesi;Swasta;29;3132802;2709191;467316916;6107281;Milik Sendiri;Baik;375;3;Konsumtif;84810246;12;Layak
284;30;Perempuan;Lajang;S1;2;Jawa;Swasta;32;5138227;1774756;299202727;130487520;Milik Sendiri;Cukup;766;4;Renovasi Rumah;97158995;36;Tidak Layak
285;59;Perempuan;Lajang;SMP;5;Bali;PNS;32;14928928;15314093;496477549;65661239;Kontrak;Baik;309;2;Modal Usaha;123906283;48;Layak
286;18;Laki-laki;Menikah;S2;1;Kalimantan;Swasta;34;2567479;2190126;356034663;;Menumpang;Tidak Ada Riwayat;684;4;Renovasi Rumah;170284550;12;Tidak Layak
287;20;Laki-laki;Menikah;D3;4;Jawa;Swasta;1;5620133;1751256;348712458;85157643;Kontrak;Baik;770;1;Kesehatan;92156138;24;Layak
288;42;Perempuan;Menikah;SMP;2;Bali;Swasta;29;;12568451;364951326;144369337;Milik Sendiri;Cukup;485;3;Kesehatan;155021797;36;Layak
289;27;Perempuan;Lajang;SD;0;Jawa;PNS;5;13278641;13432280;174657804;102182242;Milik Sendiri;Buruk;606;4;Modal Usaha;50190450;24;Tidak Layak
290;52;Perempuan;Menikah;S1;0;Sumatera;Freelance;2;9679502;2989832;90693410;21832065;Kontrak;Baik;558;1;Modal Usaha;181526707;48;Layak
291;53;Laki-laki;Menikah;S1;4;Jawa;PNS;31;5724451;3318107;621053098;600012;Kontrak;Cukup;414;1;Renovasi Rumah;56402425;12;Layak
292;35;Perempuan;Duda/Janda;SD;2;NTT/NTB;Freelance;5;8059687;7338240;744332014;54720009;Milik Sendiri;Cukup;667;4;Renovasi Rumah;92682570;84;Layak
293;26;Laki-laki;Menikah;SMA;1;Sulawesi;Swasta;7;15048428;13622301;593694347;83622534;Sewa;Baik;605;5;Pendidikan;67303174;84;Layak
294;63;Perempuan;Lajang;SMA;0;Sumatera;Swasta;13;5597975;4154053;716665946;1785278;Sewa;Baik;481;3;Modal Usaha;15115062;48;Layak
295;47;Perempuan;Lajang;SMA;4;Sumatera;PNS;7;4796264;3996102;569436906;;Milik Sendiri;Tidak Ada Riwayat;452;5;Konsumtif;52063514;36;Tidak Layak
296;59;Laki-laki;Duda/Janda;D3;1;Jawa;PNS;19;9468186;7174680;664700978;732631;Milik Sendiri;Buruk;;2;Modal Usaha;143893823;12;Layak
297;55;Perempuan;Lajang;D3;2;Bali;Wirausaha;17;4134974;2995431;787671164;91754461;Kontrak;Cukup;312;1;Renovasi Rumah;60396251;12;Layak
298;33;Perempuan;Menikah;S1;5;Jawa;Wirausaha;7;10857609;5626498;261692170;97963082;Kontrak;Cukup;420;3;Kesehatan;113857842;36;Tidak Layak
299;62;Perempuan;Menikah;S1;2;Sulawesi;Swasta;3;7560364;5484456;576096938;145488219;Kontrak;Cukup;328;5;Konsumtif;17742080;36;Tidak Layak
300;21;Perempuan;Lajang;S1;2;Sumatera;Freelance;21;10900131;8858719;626512849;;Menumpang;Tidak Ada Riwayat;368;1;Renovasi Rumah;171552935;60;Tidak Layak
301;60;Perempuan;Menikah;SMA;4;Sumatera;Wirausaha;17;7448105;8509176;766651291;62929227;Kontrak;Baik;;1;Pendidikan;184940512;36;Layak
302;30;Laki-laki;Menikah;SMP;0;Jawa;Tidak Bekerja;0;98561;500000;115691134;125558512;Kontrak;Baik;347;4;Modal Usaha;145189841;12;Tidak Layak
303;29;Laki-laki;Cerai;S1;3;Sumatera;PNS;11;4232666;2156748;377892351;84332733;Milik Sendiri;Cukup;781;4;Modal Usaha;198587962;24;Tidak Layak
304;24;Laki-laki;Menikah;D3;4;Jawa;Tidak Bekerja;;27795;500000;391376265;143231419;Milik Sendiri;Baik;376;1;Kesehatan;43846570;24;Layak
305;59;Perempuan;Lajang;D3;0;Sumatera;Swasta;12;16014704;10875490;140633502;2964701;Milik Sendiri;Cukup;457;3;Konsumtif;69620190;48;Layak
306;56;Perempuan;Cerai;S1;0;Jawa;Swasta;12;6731631;5348816;;52590574;Milik Sendiri;Cukup;787;3;Renovasi Rumah;168531081;60;Layak
307;47;Laki-laki;Menikah;S1;2;Jawa;Swasta;25;13096448;8718042;351872853;65481090;Milik Sendiri;Cukup;486;4;Modal Usaha;190485138;24;Layak
308;52;Laki-laki;Menikah;SMA;0;Sumatera;Swasta;14;5997434;3611093;37925059;88431628;Kontrak;Baik;685;3;Konsumtif;124653227;24;Tidak Layak
309;63;Laki-laki;Menikah;D3;0;Jawa;Swasta;27;17521294;15185240;592901434;39467045;Sewa;Baik;464;3;Konsumtif;58767082;36;Layak
310;22;Perempuan;Cerai;D3;4;Jawa;Swasta;14;13404477;8920169;417409256;69998192;Kontrak;Cukup;575;5;Renovasi Rumah;183658981;60;Layak
311;37;Laki-laki;Lajang;S1;1;Sulawesi;Swasta;11;4505204;3769089;627227015;34221915;Milik Sendiri;Cukup;672;5;Renovasi Rumah;110293129;48;Layak
312;58;Laki-laki;Lajang;D3;5;Sumatera;Swasta;26;15854568;11532925;163453504;61572561;Milik Sendiri;Cukup;485;4;Investasi;35573429;84;Layak
313;32;Perempuan;Menikah;S1;5;Jawa;Swasta;18;11303089;6548909;220009178;12160798;Milik Sendiri;Cukup;565;1;Modal Usaha;56828600;36;Layak
314;27;Perempuan;Menikah;SMA;1;Sumatera;Wirausaha;7;4013893;2029317;417820115;13032888;Kontrak;Tidak Ada Riwayat;623;5;Investasi;148293715;48;Tidak Layak
315;19;Perempuan;Cerai;SMA;1;Jawa;Wirausaha;13;1938452927;2168246;348525712;140972224;Milik Sendiri;Cukup;;5;Konsumtif;75163671;84;Layak
316;18;Laki-laki;Menikah;SMA;5;Sumatera;Tidak Bekerja;0;239438;500000;417652290;14808635;Milik Sendiri;Buruk;621;4;Modal Usaha;179664341;60;Tidak Layak
317;27;Laki-laki;Menikah;S1;1;Sumatera;Swasta;13;16766743;8664685;346773119;54830849;Milik Sendiri;Buruk;773;5;Renovasi Rumah;28447333;12;Layak
318;22;Laki-laki;Menikah;D3;1;Jawa;Swasta;25;14961954;7266183;497443728;129290873;Kontrak;Baik;671;4;Kesehatan;157790068;60;Layak
319;57;Perempuan;Lajang;SD;0;Bali;Swasta;8;;3585566;594215841;93559642;Milik Sendiri;Cukup;619;3;Pendidikan;113918561;36;Tidak Layak
320;25;Laki-laki;Duda/Janda;S1;3;Jawa;PNS;1;13003803;6923122;92072156;123878;Milik Sendiri;Buruk;681;3;Renovasi Rumah;157298767;24;Tidak Layak
321;45;Laki-laki;Menikah;SMA;0;Jawa;Wirausaha;15;16156761;16105479;329234565;1483281;Kontrak;Buruk;378;5;Investasi;86842277;36;Layak
322;59;Laki-laki;Lajang;SMA;2;Jawa;Wirausaha;19;9245732;5121402;772474832;50764129;Milik Sendiri;Cukup;359;1;Pendidikan;121720573;48;Layak
323;23;Perempuan;Lajang;SMP;0;Jawa;PNS;4;14883498;11506516;492903949;93388233;Milik Sendiri;Baik;666;5;Investasi;79388497;24;Layak
324;53;Laki-laki;Menikah;S1;4;Sumatera;Swasta;22;7056977;2662156;750770830;38299954;Sewa;Cukup;451;3;Modal Usaha;113013549;36;Layak
325;22;Perempuan;Cerai;D3;3;Jawa;Swasta;5;14593916;13274717;146551651;90552038;Milik Sendiri;Cukup;425;4;Pendidikan;137637400;24;Layak
326;30;Laki-laki;Duda/Janda;SD;0;Sumatera;Swasta;17;14872794;14762024;187316809;18664207;Kontrak;Cukup;743;5;Renovasi Rumah;178579878;84;Layak
327;18;Laki-laki;Lajang;SMP;2;Sumatera;PNS;27;11259558;5944540;327199828;128982523;Sewa;Baik;805;1;Kesehatan;167402901;36;Layak
328;47;Laki-laki;Lajang;D3;0;Sulawesi;Swasta;28;11135252;13228036;461071321;103996415;Milik Sendiri;Cukup;442;1;Investasi;114685610;24;Layak
329;19;Perempuan;Menikah;SMA;4;Sumatera;PNS;34;12993281;11717340;435038784;39940846;Milik Sendiri;Baik;625;2;Modal Usaha;102715652;48;Layak
330;60;Laki-laki;Cerai;SMP;4;Jawa;Wirausaha;17;;4860570;197275420;;Sewa;Tidak Ada Riwayat;824;4;Pendidikan;69039253;60;Tidak Layak
331;45;Laki-laki;Lajang;S1;4;Jawa;Swasta;23;5332235;2289319;354690849;115456581;Kontrak;Baik;652;5;Modal Usaha;115584149;36;Layak
332;44;Laki-laki;Menikah;SMP;4;Sumatera;Swasta;17;3221252;3009428;64778978;80560010;Milik Sendiri;Cukup;370;4;Modal Usaha;91676193;12;Tidak Layak
333;18;Laki-laki;Lajang;D3;5;Jawa;Swasta;21;2162744;1294492;;109608081;Milik Sendiri;Buruk;691;4;Pendidikan;112469342;24;Tidak Layak
334;41;Laki-laki;Lajang;SMA;4;Kalimantan;Swasta;30;10164706;3928322;267980011;18215406;Milik Sendiri;Baik;817;4;Pendidikan;189346225;12;Layak
335;41;Laki-laki;Lajang;SMA;1;Kalimantan;Wirausaha;34;2645995;1340535;676699706;;Milik Sendiri;Tidak Ada Riwayat;713;3;Renovasi Rumah;190541959;36;Tidak Layak
336;56;Laki-laki;Menikah;D3;4;Sumatera;Wirausaha;23;14934738;6812212;630167720;18767621;Menumpang;Baik;661;1;Pendidikan;14398203;60;Layak
337;62;Perempuan;Lajang;S1;1;Sumatera;Tidak Bekerja;0;290796;500000;667294781;121584731;Kontrak;Cukup;551;2;Renovasi Rumah;123114988;24;Tidak Layak
338;58;Laki-laki;Lajang;S1;0;Sumatera;Wirausaha;15;13708429;10349350;772185631;98190076;Milik Sendiri;Cukup;486;2;Modal Usaha;191695744;48;Layak
339;52;Perempuan;Duda/Janda;S1;4;Kalimantan;Tidak Bekerja;0;145394;500000;382065080;132294364;Kontrak;Cukup;442;1;Investasi;81859244;60;Tidak Layak
340;45;Laki-laki;Lajang;S1;3;Kalimantan;Swasta;8;4339325;2073877;160713555;90696102;Milik Sendiri;Baik;349;4;Investasi;181640921;60;Tidak Layak
341;52;Perempuan;Lajang;D3;1;Sumatera;Freelance;6;2690582;1643353;493784935;132713211;Milik Sendiri;Baik;517;2;Renovasi Rumah;144037727;84;Layak
342;46;L;Menikah;SMA;2;Sumatera;Swasta;23;9641213;3583594;45549163;32833286;Milik Sendiri;Cukup;594;4;Konsumtif;143296377;36;Layak
343;63;Laki-laki;Lajang;D3;4;Kalimantan;Wirausaha;9;3239479;1424126;368948183;113017254;Sewa;Tidak Ada Riwayat;480;3;Pendidikan;142381120;12;Tidak Layak
344;23;Perempuan;Menikah;D3;2;Kalimantan;Wirausaha;2;17837262;18275156;512008436;126981531;Kontrak;Baik;753;3;Konsumtif;154100209;24;Layak
345;53;Perempuan;Lajang;D3;3;Jawa;Wirausaha;29;11972842;12720906;762539904;112990546;Kontrak;Baik;576;2;Modal Usaha;122802974;84;Layak
346;62;Perempuan;Lajang;S1;0;Bali;Wirausaha;26;8522032;3245196;125986507;130657748;Milik Sendiri;Buruk;797;4;Renovasi Rumah;101949604;60;Tidak Layak
347;44;Perempuan;Menikah;SMP;0;Sumatera;Tidak Bekerja;;308459;500000;508788075;131749570;Milik Sendiri;Buruk;646;4;Investasi;14580439;12;Tidak Layak
348;29;Laki-laki;Lajang;D3;4;Kalimantan;Swasta;7;;3993853;10525654;872033;Kontrak;Cukup;409;5;Renovasi Rumah;195373068;36;Tidak Layak
349;45;Perempuan;Menikah;SMP;2;Bali;Swasta;2;12126971;5017886;127487867;50306565;Kontrak;Baik;417;3;Kesehatan;170724516;24;Layak
350;37;Laki-laki;Menikah;SMA;5;Jawa;Swasta;6;4900067;2478322;219414211;118798906;Milik Sendiri;Buruk;668;2;Konsumtif;170662141;48;Tidak Layak
351;55;Perempuan;Lajang;SD;5;Jawa;Wirausaha;12;;5915206;671561699;140082914;Sewa;Cukup;310;1;Modal Usaha;77894556;84;Layak
352;47;Perempuan;Lajang;SMA;5;Jawa;Swasta;31;16127731;14262173;674245370;69845448;Menumpang;Buruk;848;3;Renovasi Rumah;98048772;84;Layak
353;52;Perempuan;Menikah;S2;0;Bali;PNS;33;8029506;8707884;44455833;39568859;Milik Sendiri;Baik;789;3;Modal Usaha;186601169;24;Layak
354;22;Laki-laki;Menikah;D3;1;Jawa;Wirausaha;12;9727811;4204226;706264357;105710477;Kontrak;Cukup;562;1;Investasi;25064202;36;Layak
355;64;Perempuan;Menikah;D3;0;Jawa;Wirausaha;31;5716904;5795214;518610121;55991076;Milik Sendiri;Cukup;622;1;Pendidikan;66373167;24;Layak
356;55;Laki-laki;Lajang;SMA;3;Sumatera;Swasta;28;2127320;1369541;273493759;139156219;Menumpang;Cukup;446;3;Modal Usaha;76583279;48;Tidak Layak
357;27;Laki-laki;Menikah;SMA;0;Sulawesi;Freelance;18;4860597;3365770;724547399;96530836;Kontrak;Buruk;392;4;Konsumtif;195921313;24;Tidak Layak
358;62;Laki-laki;Menikah;S1;2;Sumatera;Tidak Bekerja;;212884;500000;645080803;126450938;Milik Sendiri;Buruk;772;4;Pendidikan;195729581;84;Tidak Layak
359;33;Laki-laki;Menikah;SMA;4;Jawa;Swasta;13;11123603;7835418;469235111;137599435;Kontrak;Cukup;777;2;Modal Usaha;46846409;36;Layak
360;39;Perempuan;Menikah;S1;0;Jawa;Tidak Bekerja;;33261;500000;443071639;133144416;Sewa;Cukup;340;4;Kesehatan;156326988;12;Tidak Layak
361;52;Laki-laki;Duda/Janda;SMA;0;Jawa;Swasta;25;11388089;8102394;485063967;127503651;Sewa;Cukup;575;2;Pendidikan;102055564;60;Layak
362;64;Perempuan;Menikah;SMP;0;Jawa;Swasta;30;4442110;1780424;386466438;91639471;Milik Sendiri;Cukup;780;3;Konsumtif;74576299;36;Tidak Layak
363;50;Laki-laki;Lajang;S1;3;Bali;PNS;21;14683605;16708158;168270685;33557332;Sewa;Baik;376;1;Pendidikan;42865448;60;Layak
364;51;Laki-laki;Menikah;SMA;4;Sumatera;Swasta;14;15087742;10998035;152112214;77991417;Menumpang;Cukup;564;2;Pendidikan;10805739;36;Layak
365;58;Laki-laki;Lajang;SMA;2;Kalimantan;Swasta;34;11522586;6998701;79042025;5647255;Milik Sendiri;Buruk;648;5;Pendidikan;18949672;60;Tidak Layak
366;60;Perempuan;Menikah;S1;0;Kalimantan;Swasta;20;17500891;7728610;614996773;145173626;Milik Sendiri;Buruk;464;1;Konsumtif;169682251;36;Layak
367;19;Laki-laki;Lajang;S1;5;Jawa;Wirausaha;5;12277656;12413482;10870450;107131350;Kontrak;Baik;593;3;Modal Usaha;111044980;36;Layak
368;33;Perempuan;Menikah;S1;1;Bali;Swasta;11;9265062;6347980;634641912;27604564;Menumpang;Buruk;579;3;Modal Usaha;50406360;84;Layak
369;63;Perempuan;Lajang;S1;3;Jawa;Tidak Bekerja;0;340741;500000;238533706;17639809;Milik Sendiri;Buruk;;1;Modal Usaha;102177726;84;Tidak Layak
370;61;Perempuan;Cerai;SMA;5;Kalimantan;Swasta;25;15395169;6111045;292877676;30884122;Sewa;Baik;825;4;Modal Usaha;192997099;48;Layak
371;42;Perempuan;Menikah;SD;5;Bali;PNS;24;3691863;4115034;506195608;130545069;Kontrak;Cukup;645;3;Konsumtif;124599585;60;Tidak Layak
372;48;Perempuan;Menikah;SMA;3;Sumatera;PNS;27;8049711;5336070;638230099;92290007;Sewa;Cukup;386;3;Modal Usaha;189669212;48;Tidak Layak
373;50;Laki-laki;Duda/Janda;S1;2;Jawa;Swasta;7;13982041;6109110;788849539;85113979;Sewa;Baik;335;5;Konsumtif;60669575;24;Layak
374;28;Laki-laki;Lajang;S1;5;Jawa;Swasta;24;4485638;4043895;233406779;111597692;Sewa;Baik;489;1;Kesehatan;159974717;24;Tidak Layak
375;60;Laki-laki;Menikah;S1;0;Kalimantan;Freelance;16;7044467;7899156;165787451;47792146;Kontrak;Baik;546;4;Renovasi Rumah;81825147;48;Layak
376;31;Laki-laki;Duda/Janda;S1;2;Jawa;Swasta;34;5569866;3107469;745463840;30368266;Menumpang;Cukup;788;3;Pendidikan;167315524;24;Layak
377;50;Perempuan;Menikah;SMA;1;Sulawesi;Swasta;24;9509351;6046441;460209016;52588421;Milik Sendiri;Baik;598;4;Renovasi Rumah;76743095;36;Layak
378;42;Perempuan;Menikah;D3;0;Bali;PNS;4;11073578;9947734;794349926;105411807;Kontrak;Baik;837;4;Renovasi Rumah;33943348;36;Layak
379;55;Laki-laki;Menikah;S1;5;Sulawesi;Swasta;24;9993277;7976379;601568168;;Menumpang;Tidak Ada Riwayat;;3;Pendidikan;72497184;48;Tidak Layak
380;35;Laki-laki;Cerai;S1;0;Kalimantan;Freelance;4;8564975;8243004;201475067;31221771;Sewa;Baik;705;2;Pendidikan;191541210;36;Layak
381;64;Laki-laki;Menikah;S1;2;NTT/NTB;Wirausaha;18;12927697;12788689;747034623;134482361;Sewa;Buruk;572;3;Konsumtif;20863800;24;Layak
382;52;Laki-laki;Lajang;SMA;3;Jawa;Swasta;13;2798105;3173181;789822789;70551283;Sewa;Cukup;573;3;Konsumtif;185635005;60;Tidak Layak
383;27;Perempuan;Menikah;SMA;1;Bali;Wirausaha;18;3683318;2482819;250392510;113442371;Kontrak;Cukup;849;1;Konsumtif;90422618;84;Tidak Layak
384;31;Laki-laki;Menikah;D3;0;Sumatera;PNS;34;4884844;5687415;230715786;32540356;Sewa;Cukup;459;4;Kesehatan;33500073;60;Tidak Layak
385;28;Laki-laki;Lajang;SMA;4;Kalimantan;Freelance;14;9681815;8949812;334194257;5617884;Sewa;Cukup;458;3;Modal Usaha;46124538;48;Layak
386;18;Perempuan;Menikah;SD;5;NTT/NTB;Freelance;5;6948148;3662347;135580347;48255605;Milik Sendiri;Buruk;581;3;Renovasi Rumah;109061051;60;Tidak Layak
387;39;Laki-laki;Lajang;SD;3;Sumatera;Wirausaha;18;16003933;5350800;722946726;79505570;Kontrak;Buruk;;4;Renovasi Rumah;155398336;12;Layak
388;47;Laki-laki;Lajang;D3;1;Jawa;Swasta;6;6399077;4192873;692806349;84276326;Milik Sendiri;Baik;502;4;Modal Usaha;145255140;12;Layak
389;34;Laki-laki;Menikah;S1;1;Sumatera;Swasta;7;6437327;6993310;516870476;91308376;Sewa;Cukup;305;2;Modal Usaha;82492693;24;Tidak Layak
390;39;Laki-laki;Menikah;D3;0;Bali;Wirausaha;4;14456372;7936145;456143248;63684933;Sewa;Cukup;626;3;Pendidikan;128917239;24;Layak
391;44;Perempuan;Duda/Janda;SMA;4;JAWA;PNS;25;14821927;11150640;773393995;3022358;Kontrak;Buruk;580;2;Modal Usaha;194012096;24;Layak
392;46;Laki-laki;Menikah;S1;1;Jawa;Swasta;7;6879374;4586140;;87678246;Kontrak;Cukup;812;2;Renovasi Rumah;58234976;12;Layak
393;27;Perempuan;Menikah;SMA;1;Jawa;Swasta;28;9172678;8997535;642200993;80987894;Milik Sendiri;Buruk;710;2;Modal Usaha;46755578;48;Tidak Layak
394;37;Laki-laki;Duda/Janda;S1;4;Sumatera;Swasta;31;10266862;8467848;204797201;28251487;Kontrak;Cukup;652;3;Modal Usaha;155539858;48;Layak
395;46;Perempuan;Menikah;S1;2;Jawa;Swasta;20;10418065;11008485;193339627;11587754;Milik Sendiri;Buruk;;4;Konsumtif;133041090;48;Tidak Layak
396;23;Perempuan;Menikah;SMA;4;Jawa;PNS;27;3811216;1418052;227287723;;Sewa;Tidak Ada Riwayat;764;5;Renovasi Rumah;92332120;84;Tidak Layak
397;56;Perempuan;Cerai;D3;3;Jawa;Swasta;26;5059040;5073049;375830368;149407138;Kontrak;Baik;390;5;Investasi;79230807;24;Layak
398;38;LAKI-LAKI;Lajang;SMA;2;Sumatera;Swasta;28;17221442;20617007;149927908;;Kontrak;Tidak Ada Riwayat;476;5;Renovasi Rumah;125849249;60;Tidak Layak
399;41;Laki-laki;Lajang;D3;4;Kalimantan;Wirausaha;8;6770201;6772192;238466188;35835663;Milik Sendiri;Baik;648;2;Renovasi Rumah;135233277;12;Layak
400;55;Perempuan;Menikah;SMA;0;Jawa;PNS;27;3291579;3287559;42415638;103713505;Kontrak;Baik;394;4;Modal Usaha;23078408;48;Tidak Layak
401;63;Laki-laki;Menikah;SMA;4;Jawa;PNS;34;4776430;4852050;31164657;59709624;Milik Sendiri;Buruk;687;2;Konsumtif;91403605;24;Tidak Layak
402;39;Perempuan;Menikah;SD;3;Jawa;Swasta;15;4701243;2615048;368505785;107553211;Milik Sendiri;Cukup;393;5;Konsumtif;91661120;36;Tidak Layak
403;62;Perempuan;Lajang;SMA;2;Jawa;Freelance;26;3752437;4221849;751222088;11991250;Kontrak;Baik;469;2;Kesehatan;73386313;36;Layak
404;19;Laki-laki;Menikah;SMA;5;Bali;Swasta;1;14170550;14410484;656935739;147911014;Sewa;Baik;392;5;Renovasi Rumah;30295396;12;Layak
405;23;Laki-laki;Lajang;S1;0;Bali;Tidak Bekerja;0;143075;500000;567215438;42724518;Milik Sendiri;Tidak Ada Riwayat;804;5;Renovasi Rumah;99694414;48;Tidak Layak
406;28;Perempuan;Menikah;SMA;4;Sumatera;PNS;26;3048226;2114140;240629853;92205410;Milik Sendiri;Buruk;849;2;Renovasi Rumah;131353816;12;Tidak Layak
407;39;Perempuan;Lajang;SMA;4;Jawa;Swasta;17;2934709;1106907;146470619;64224549;Sewa;Baik;570;3;Konsumtif;7891541;24;Tidak Layak
408;44;Laki-laki;Lajang;D3;5;Sulawesi;Tidak Bekerja;;649548327;500000;395414555;146171702;Milik Sendiri;Baik;336;3;Pendidikan;132486213;12;Layak
409;60;Perempuan;Lajang;SMA;2;Jawa;Swasta;14;15325915;10280395;726666825;17287713;Sewa;Baik;817;5;Kesehatan;29390563;60;Layak
410;64;Perempuan;Lajang;S1;0;Jawa;Freelance;5;14589566;5394350;528972288;;Sewa;Tidak Ada Riwayat;375;1;Modal Usaha;181611819;36;Tidak Layak
411;53;Perempuan;Menikah;SMA;3;Jawa;Tidak Bekerja;;68671;500000;767709373;32961163;Milik Sendiri;Cukup;707;2;Pendidikan;195646587;12;Tidak Layak
412;43;Laki-laki;Lajang;D3;2;Sulawesi;Swasta;19;17030821;18123764;99501827;73093590;Sewa;Baik;665;2;Modal Usaha;192138141;60;Layak
413;33;Perempuan;Lajang;S1;5;Jawa;Wirausaha;2;2235025;1918962;696448814;144532352;Milik Sendiri;Buruk;405;1;Modal Usaha;40538326;48;Tidak Layak
414;25;Laki-laki;Menikah;SMA;5;Jawa;Wirausaha;23;17067611;16537704;370349244;66000062;Menumpang;Buruk;359;2;Kesehatan;120470374;12;Layak
415;32;Perempuan;Menikah;SMA;3;Sulawesi;Swasta;30;7266826;8259907;146912515;87507736;Milik Sendiri;Baik;431;4;Kesehatan;102845831;48;Layak
416;21;Perempuan;Lajang;SMA;2;Jawa;PNS;8;9502491;8451960;198188190;23669439;Menumpang;Baik;680;1;Pendidikan;156729950;12;Layak
417;20;Perempuan;Lajang;S1;0;Kalimantan;Wirausaha;3;3615778;1562354;70094584;11660505;Milik Sendiri;Buruk;491;3;Modal Usaha;38445353;12;Tidak Layak
418;58;Perempuan;Cerai;SD;4;Jawa;Swasta;28;17899193;9265076;724096869;43264822;Milik Sendiri;Buruk;626;5;Renovasi Rumah;38277241;36;Layak
419;63;Perempuan;Lajang;D3;3;Jawa;Swasta;8;5836195;2117783;277472902;115879070;Kontrak;Cukup;739;4;Renovasi Rumah;144337994;60;Tidak Layak
420;21;Perempuan;Menikah;SMA;1;Sumatera;Swasta;25;6848396;4065436;6428944;57722034;Kontrak;Buruk;647;4;Modal Usaha;50108589;84;Tidak Layak
421;51;Laki-laki;Lajang;SMA;0;Sumatera;Swasta;18;1733629;1020815;482090648;118951154;Menumpang;Baik;339;2;Kesehatan;177893635;48;Tidak Layak
422;24;Laki-laki;Duda/Janda;S2;1;Jawa;PNS;4;3268350;1611754;640154208;11946056;Sewa;Buruk;371;4;Konsumtif;81836133;60;Tidak Layak
423;28;Perempuan;Lajang;SMA;3;Sumatera;Swasta;10;5256297;3584705;501793680;81380726;Sewa;Baik;783;4;Renovasi Rumah;86151898;48;Layak
424;21;Perempuan;Menikah;SMP;2;Kalimantan;PNS;25;6561055;4531946;207559134;110393154;Kontrak;Cukup;683;1;Investasi;196412205;48;Tidak Layak
425;32;Perempuan;Lajang;D3;4;Sumatera;Wirausaha;34;3331086;1896007;750932472;53586130;Menumpang;Cukup;810;3;Renovasi Rumah;47496408;48;Tidak Layak
426;49;Perempuan;Menikah;SMA;2;Jawa;PNS;33;10720076;6020243;133876804;;Kontrak;Tidak Ada Riwayat;694;3;Renovasi Rumah;159763474;24;Tidak Layak
427;58;Perempuan;Menikah;SMA;3;Jawa;Wirausaha;27;10578625;6297756;18518732;34392437;Milik Sendiri;Cukup;770;5;Konsumtif;143893344;48;Layak
428;43;Laki-laki;Duda/Janda;D3;3;Jawa;Freelance;12;4819410;2433796;737270726;53023273;Kontrak;Baik;628;1;Modal Usaha;107593024;36;Layak
429;53;Perempuan;Lajang;D3;0;Sumatera;Freelance;19;10657186;12390788;346386088;27424011;Sewa;Baik;561;5;Renovasi Rumah;28440802;48;Layak
430;39;Perempuan;Menikah;S1;0;Sumatera;Swasta;17;15004747;5145458;533313653;46324273;Milik Sendiri;Tidak Ada Riwayat;804;2;Modal Usaha;14032054;48;Layak
431;29;Laki-laki;Cerai;SMA;3;Bali;Swasta;19;6135175;5088239;40667531;106618713;Milik Sendiri;Buruk;355;2;Investasi;6044071;60;Tidak Layak
432;26;Perempuan;Lajang;SMA;1;Sulawesi;Swasta;1;16211113;10731073;51397210;149665;Sewa;Cukup;400;4;Investasi;28581799;36;Layak
433;27;Perempuan;Cerai;D3;1;Bali;Freelance;31;17193865;12081748;171992110;115335078;Milik Sendiri;Buruk;468;5;Kesehatan;181833226;24;Layak
434;29;Laki-laki;Lajang;SMP;1;Jawa;Freelance;13;9459229;6898736;376197584;96956313;Sewa;Baik;770;3;Kesehatan;180766768;60;Layak
435;23;Laki-laki;Menikah;S2;2;Jawa;Wirausaha;2;9122837;8036784;588584106;143674217;Milik Sendiri;Baik;426;1;Renovasi Rumah;130991690;48;Layak
436;43;Laki-laki;Lajang;S1;1;Kalimantan;Swasta;22;12737316;8307368;357792503;115240218;Milik Sendiri;Buruk;405;5;Renovasi Rumah;64014221;36;Tidak Layak
437;23;Laki-laki;Menikah;S1;2;Jawa;PNS;25;5586794;4788925;31503744;113752637;Menumpang;Cukup;531;2;Kesehatan;86612103;48;Tidak Layak
438;63;Laki-laki;Lajang;SD;0;Jawa;Swasta;27;12725545;5939937;616787575;5839397;Sewa;Buruk;490;5;Modal Usaha;195922209;48;Layak
439;46;Laki-laki;Menikah;S1;3;Bali;Tidak Bekerja;0;99211;500000;311929719;7353834;Milik Sendiri;Baik;482;5;Investasi;171996187;48;Tidak Layak
440;47;Perempuan;Cerai;SMA;4;Sulawesi;Tidak Bekerja;;146030;500000;110063496;82292809;Sewa;Buruk;665;2;Renovasi Rumah;87424013;12;Tidak Layak
441;58;Perempuan;Cerai;D3;4;Jawa;Swasta;22;12962897;6451547;76277664;99252843;Menumpang;Baik;397;1;Kesehatan;44154964;12;Layak
442;30;Perempuan;Lajang;S1;3;Sumatera;Wirausaha;24;4123788;2306711;462660675;14839095;Menumpang;Buruk;461;3;Pendidikan;120074431;48;Tidak Layak
443;18;Perempuan;Menikah;SMP;4;Jawa;Swasta;16;9907841;8798016;137847154;146745808;Milik Sendiri;Baik;845;4;Renovasi Rumah;138678984;24;Layak
444;29;Laki-laki;Menikah;S2;5;Bali;Wirausaha;33;;9745385;472642574;80565140;Sewa;Buruk;791;2;Renovasi Rumah;192577363;36;Layak
445;43;Laki-laki;Lajang;SMP;3;Kalimantan;PNS;25;8489257;7083632;562760197;25199926;Milik Sendiri;Baik;802;4;Modal Usaha;72794612;12;Layak
446;57;LAKI-LAKI;Lajang;D3;5;Kalimantan;Tidak Bekerja;0;205080;500000;25528534;74847114;Milik Sendiri;Baik;670;5;Konsumtif;152133611;12;Tidak Layak
447;30;Laki-laki;Duda/Janda;S1;5;Jawa;Freelance;30;2649971;1763916;161506129;117073866;Kontrak;Baik;467;5;Renovasi Rumah;165296897;24;Tidak Layak
448;52;Perempuan;Menikah;D3;2;Jawa;Freelance;13;13932943;8537710;711272608;3646539;Menumpang;Buruk;537;4;Investasi;6276279;24;Layak
449;38;Perempuan;Menikah;D3;4;Sumatera;Swasta;26;13974819;13460751;582531119;128003569;Milik Sendiri;Cukup;616;4;Modal Usaha;186117441;24;Layak
450;59;Laki-laki;Lajang;S1;1;Kalimantan;Tidak Bekerja;;474144;500000;736494681;;Sewa;Tidak Ada Riwayat;667;5;Modal Usaha;141535278;84;Tidak Layak
451;58;Laki-laki;Cerai;S1;3;Jawa;Swasta;1;17722222;20702180;329411668;37543891;Sewa;Baik;656;2;Renovasi Rumah;177655098;60;Layak
452;58;Laki-laki;Cerai;S1;0;Jawa;Freelance;23;5501254;2010961;546581678;125500374;Menumpang;Buruk;485;4;Konsumtif;188794279;84;Tidak Layak
453;58;Perempuan;Lajang;SMA;4;Bali;Wirausaha;16;16880912;16506352;113870272;81414599;Kontrak;Baik;396;4;Investasi;178094866;12;Layak
454;29;Laki-laki;Menikah;S1;3;Sumatera;PNS;29;3504044;1525438;573935414;37172606;Kontrak;Cukup;334;3;Investasi;49796658;24;Tidak Layak
455;60;Perempuan;Menikah;SMA;3;Jawa;PNS;12;11936793;12886572;311649673;137804518;Sewa;Cukup;486;5;Renovasi Rumah;58167307;36;Layak
456;52;Perempuan;Lajang;SMA;4;Kalimantan;Swasta;32;1795773;1352784;58461157;84131618;Sewa;Baik;577;5;Modal Usaha;141439918;36;Tidak Layak
457;46;Laki-laki;Duda/Janda;SMA;5;Jawa;Wirausaha;29;4608541;4993289;51776424;123495592;Milik Sendiri;Buruk;643;4;Renovasi Rumah;68148193;12;Tidak Layak
458;23;Laki-laki;Menikah;SMA;2;Kalimantan;Wirausaha;11;15703535;6047462;631868631;46215025;Sewa;Cukup;444;2;Kesehatan;129302670;60;Layak
459;47;Laki-laki;Cerai;SMA;5;Sumatera;Wirausaha;16;9321688;8501533;408752352;84572130;Menumpang;Cukup;792;1;Renovasi Rumah;33814404;24;Layak
460;27;Laki-laki;Menikah;SMA;5;Sumatera;Wirausaha;15;6005341;6199056;300509707;126830431;Sewa;Cukup;604;4;Konsumtif;151815659;12;Tidak Layak
461;45;Perempuan;Menikah;SMA;2;Jawa;Swasta;4;16968326;11580345;73692954;142713183;Sewa;Buruk;735;4;Pendidikan;21582711;60;Tidak Layak
462;42;Perempuan;Menikah;SMA;5;Jawa;Swasta;16;13902815;4669028;55276018;56670837;Milik Sendiri;Cukup;743;1;Pendidikan;160290313;12;Layak
463;53;Laki-laki;Menikah;SMA;1;Jawa;Swasta;27;7200366;4270336;290548997;48852564;Milik Sendiri;Cukup;664;3;Modal Usaha;105408225;60;Layak
464;31;Perempuan;Menikah;D3;5;Jawa;Freelance;8;11952531;8749720;375561463;123832363;Milik Sendiri;Baik;415;1;Konsumtif;147318852;48;Layak
465;42;Laki-laki;Cerai;S1;0;Kalimantan;PNS;10;4928477;4008202;43839274;91863650;Sewa;Baik;372;5;Modal Usaha;143881109;60;Layak
466;35;Perempuan;Duda/Janda;SMP;0;Jawa;PNS;16;10757562;8209861;161749194;142784914;Sewa;Cukup;608;5;Konsumtif;120074228;24;Tidak Layak
467;45;Perempuan;Menikah;SMA;5;Sumatera;PNS;11;14233028;5954004;640436538;94585318;Milik Sendiri;Buruk;791;4;Modal Usaha;180698430;24;Layak
468;59;Perempuan;Lajang;S2;4;Sumatera;Swasta;2;12924909;7810607;230211141;121462763;Milik Sendiri;Cukup;612;1;Kesehatan;75152189;36;Tidak Layak
469;22;Perempuan;Lajang;D3;5;Sumatera;Wirausaha;23;16943477;11025556;660190238;144980393;Milik Sendiri;Cukup;;4;Konsumtif;188304071;48;Layak
470;54;Laki-laki;Menikah;SMA;1;NTT/NTB;Tidak Bekerja;;95836;500000;10594772;91110502;Kontrak;Baik;304;4;Renovasi Rumah;161653132;12;Tidak Layak
471;39;Perempuan;Lajang;S1;3;Jawa;Swasta;15;12891363;10460688;606946145;78552794;Kontrak;Baik;551;1;Kesehatan;118299076;36;Layak
472;60;Perempuan;Menikah;S1;4;Kalimantan;Tidak Bekerja;0;36697;500000;554279887;2953764;Menumpang;Tidak Ada Riwayat;492;1;Konsumtif;164200547;12;Tidak Layak
473;20;Laki-laki;Cerai;S1;3;Sulawesi;Wirausaha;34;5530861;4887618;353859110;12986211;Sewa;Tidak Ada Riwayat;779;4;Kesehatan;196175943;36;Tidak Layak
474;39;Perempuan;Menikah;SMA;3;Sulawesi;Freelance;30;8501559;5131089;242840889;43322679;Milik Sendiri;Buruk;825;2;Konsumtif;93735022;12;Tidak Layak
475;36;Perempuan;Lajang;SD;5;Jawa;Wirausaha;18;17971932;12132188;539185368;21481561;Milik Sendiri;Baik;737;3;Modal Usaha;72534442;48;Layak
476;37;Perempuan;Lajang;S1;5;Jawa;Swasta;29;2932139;988664;663976671;26453112;Kontrak;Baik;480;2;Investasi;63408336;48;Layak
477;55;Laki-laki;Menikah;S1;4;Jawa;PNS;8;8447125;8172147;227145163;;Milik Sendiri;Tidak Ada Riwayat;321;3;Modal Usaha;127083112;24;Tidak Layak
478;63;Laki-laki;Menikah;SMA;2;Sulawesi;Swasta;15;15227213;16195331;408436530;63211026;Milik Sendiri;Baik;491;1;Konsumtif;31213533;84;Layak
479;19;Perempuan;Menikah;SMA;3;Jawa;Swasta;23;3452589;2864140;357665555;7556957;Sewa;Tidak Ada Riwayat;730;3;Pendidikan;60788900;24;Tidak Layak
480;20;Laki-laki;Duda/Janda;S1;3;Bali;Wirausaha;18;1951821225;8744049;449023102;138494629;Sewa;Buruk;569;1;Renovasi Rumah;156456898;84;Layak
481;55;Perempuan;Menikah;D3;0;Bali;Freelance;6;6664991;7133628;247748184;128376385;Milik Sendiri;Tidak Ada Riwayat;666;4;Modal Usaha;121872846;48;Tidak Layak
482;19;Laki-laki;Menikah;S1;2;Jawa;PNS;18;14818206;7243815;363407298;;Kontrak;Tidak Ada Riwayat;788;4;Renovasi Rumah;164568593;60;Layak
483;53;Perempuan;Menikah;SMA;2;Sumatera;PNS;10;12767115;6071817;522192948;88232926;Milik Sendiri;Buruk;558;3;Pendidikan;20249782;60;Layak
484;64;Perempuan;Menikah;S1;2;Jawa;Swasta;19;5167344;3826137;411578848;56019289;Menumpang;Baik;449;4;Modal Usaha;127474134;84;Layak
485;18;Perempuan;Duda/Janda;SMA;0;Sumatera;Swasta;34;13029652;15413451;716429314;;Kontrak;Tidak Ada Riwayat;742;3;Konsumtif;131459198;60;Layak
486;54;Laki-laki;Menikah;SMA;2;Sulawesi;Swasta;18;9062471;9412482;763180867;85694750;Kontrak;Baik;373;5;Konsumtif;109725872;48;Layak
487;23;Laki-laki;Menikah;SMA;0;Sumatera;PNS;2;6078658;1936986;496543984;120424502;Milik Sendiri;Cukup;384;4;Pendidikan;155222368;36;Tidak Layak
488;61;Laki-laki;Lajang;D3;2;Jawa;Wirausaha;7;6050575;5122636;447283808;125534950;Sewa;Buruk;695;3;Renovasi Rumah;92283372;12;Tidak Layak
489;34;Laki-laki;Menikah;D3;0;Jawa;PNS;28;8956943;6015453;465731676;75898074;Milik Sendiri;Cukup;418;1;Konsumtif;159502121;48;Layak
490;49;Laki-laki;Lajang;SMP;1;Jawa;Tidak Bekerja;0;144051;500000;445985552;121330356;Menumpang;Cukup;828;2;Modal Usaha;26407782;60;Tidak Layak
491;51;Laki-laki;Duda/Janda;SMP;5;Sumatera;Freelance;19;16742417;13874754;443373310;121588864;Sewa;Tidak Ada Riwayat;;2;Renovasi Rumah;146541164;84;Layak
492;57;Laki-laki;Menikah;D3;0;Sulawesi;PNS;11;10723971;8561711;639363076;129071669;Milik Sendiri;Baik;450;3;Kesehatan;121975210;84;Layak
493;60;Laki-laki;Lajang;SMA;5;Sumatera;Freelance;3;11938403;11225770;55374926;143495849;Sewa;Buruk;689;5;Kesehatan;40724678;36;Tidak Layak
494;58;Laki-laki;Menikah;SD;5;Kalimantan;PNS;31;10823884;4013763;532681862;17601572;Kontrak;Cukup;387;4;Renovasi Rumah;174679461;60;Layak
495;33;Perempuan;Cerai;S1;5;Kalimantan;Swasta;1;4407207;2753206;347022768;123183090;Sewa;Buruk;401;4;Modal Usaha;195173192;36;Tidak Layak
496;24;Laki-laki;Lajang;D3;0;Bali;Wirausaha;24;1746947;966381;167339696;15622653;Sewa;Baik;805;4;Renovasi Rumah;21130409;24;Layak
497;44;Perempuan;Menikah;D3;4;NTT/NTB;Swasta;26;6018295;3407775;678604776;95313469;Milik Sendiri;Buruk;638;4;Modal Usaha;182315149;60;Tidak Layak
498;25;Perempuan;Duda/Janda;S2;3;Sumatera;Wirausaha;8;2333368;1077370;68339745;110788229;Sewa;Baik;429;1;Renovasi Rumah;8501906;24;Tidak Layak
499;43;Laki-laki;Lajang;SMA;5;Jawa;Freelance;23;17228244;15337079;743661612;132378538;Menumpang;Buruk;545;1;Konsumtif;100196654;60;Layak
500;40;Perempuan;Menikah;S1;4;Jawa;Swasta;11;16274929;13649100;429205693;90266679;Milik Sendiri;Baik;459;3;Konsumtif;9652440;36;Layak
501;42;Laki-laki;Lajang;D3;1;Sumatera;Swasta;34;15504141;4694057;295324770;2275933;Milik Sendiri;Cukup;790;2;Kesehatan;191978956;84;Layak
502;62;Laki-laki;Menikah;S1;1;Jawa;Swasta;33;16482514;9922033;497717233;52437181;Milik Sendiri;Buruk;657;4;Renovasi Rumah;158140919;48;Layak
503;36;Perempuan;Duda/Janda;SMA;1;Jawa;Freelance;2;3397597;2334075;357573615;127179871;Sewa;Baik;550;4;Modal Usaha;144655088;84;Layak
504;24;Perempuan;Menikah;S1;4;Jawa;Wirausaha;13;12642041;14112159;696645991;113559503;Milik Sendiri;Baik;746;1;Kesehatan;146410889;36;Layak
505;63;Laki-laki;Menikah;SMP;0;Sumatera;Swasta;12;15067045;4766877;760932037;62891278;Milik Sendiri;Cukup;622;4;Renovasi Rumah;16086843;24;Layak
506;32;Laki-laki;Lajang;D3;5;Sumatera;Freelance;20;13921799;12937724;517453631;127903625;Milik Sendiri;Cukup;420;4;Modal Usaha;99345812;84;Layak
507;48;Perempuan;Menikah;S1;3;Sulawesi;Swasta;12;11609363;6234496;724867692;69966003;Milik Sendiri;Baik;317;3;Investasi;11058301;48;Layak
508;25;Perempuan;Duda/Janda;SMA;5;Sumatera;Swasta;30;7615572;5669636;194806487;115341889;Milik Sendiri;Buruk;630;3;Pendidikan;64857460;84;Tidak Layak
509;35;Perempuan;Menikah;SMA;3;Jawa;Wirausaha;9;7154481;3826358;36937240;63546758;Sewa;Buruk;792;2;Modal Usaha;89127793;48;Tidak Layak
510;49;Laki-laki;Cerai;SMA;4;Jawa;Swasta;2;16067888;12025193;715838729;5201325;Sewa;Baik;380;5;Renovasi Rumah;85619423;84;Layak
511;27;Perempuan;Menikah;SMP;5;Sumatera;Tidak Bekerja;;329720;500000;578830912;30865471;Kontrak;Cukup;728;5;Investasi;96146948;60;Tidak Layak
512;48;Laki-laki;Menikah;S1;0;Sumatera;Wirausaha;15;9079164;3748408;664252272;9943192;Milik Sendiri;Baik;504;1;Renovasi Rumah;184537291;24;Layak
513;43;Laki-laki;Menikah;S1;5;Jawa;Swasta;26;7199903;2583153;518931164;17344987;Sewa;Cukup;679;4;Konsumtif;67245486;60;Layak
514;37;Perempuan;Menikah;D3;1;Jawa;Wirausaha;15;8788851;7836473;719948362;27066456;Milik Sendiri;Cukup;339;5;Konsumtif;26887323;60;Layak
515;57;Laki-laki;Lajang;D3;3;Kalimantan;Wirausaha;13;2001187;1464031;607819235;1799631;Milik Sendiri;Cukup;333;5;Kesehatan;116361116;36;Layak
516;18;Laki-laki;Menikah;SMP;5;Kalimantan;Swasta;13;13618210;15914230;548586099;80377623;Sewa;Buruk;614;1;Modal Usaha;72521478;60;Layak
517;53;Perempuan;Lajang;S1;3;Jawa;Wirausaha;4;16836063;5559809;176249680;121970344;Milik Sendiri;Buruk;492;3;Konsumtif;154079194;84;Tidak Layak
518;50;Perempuan;Menikah;SMA;4;Jawa;Swasta;21;6265092;6884077;708896560;72955142;Milik Sendiri;Baik;316;4;Investasi;135375699;24;Layak
519;39;Laki-laki;Lajang;S1;5;Sumatera;PNS;3;9505870;5643853;464213790;54106414;Menumpang;Baik;748;5;Modal Usaha;63265207;60;Layak
520;53;Perempuan;Lajang;S1;5;Jawa;PNS;8;13342595;10859818;756632419;100784497;Milik Sendiri;Baik;412;1;Modal Usaha;101288544;36;Layak
521;47;Laki-laki;Menikah;S1;3;Jawa;Freelance;6;14149658;13187345;568043146;69579341;Sewa;Buruk;350;5;Modal Usaha;176449997;60;Layak
522;50;Laki-laki;Lajang;S2;3;Sumatera;Tidak Bekerja;0;267786;500000;641783758;4872830;Menumpang;Cukup;642;5;Modal Usaha;32400488;60;Tidak Layak
523;20;Laki-laki;Lajang;SMP;1;Sumatera;Swasta;21;3601126;3457895;232063570;149817653;Milik Sendiri;Buruk;495;2;Konsumtif;144305608;36;Tidak Layak
524;28;Laki-laki;Menikah;S1;4;Jawa;Swasta;18;5378346;4353700;159826336;;Milik Sendiri;Tidak Ada Riwayat;680;1;Pendidikan;96363080;36;Tidak Layak
525;34;Laki-laki;Lajang;SMA;0;Sulawesi;Swasta;17;6771148;2193836;500910952;91291544;Milik Sendiri;Baik;710;4;Kesehatan;6630203;12;Layak
526;49;Perempuan;Lajang;S2;0;Jawa;Swasta;7;9969470;6703976;728839858;132766495;Kontrak;Baik;755;3;Pendidikan;141435049;48;Layak
527;45;Laki-laki;Lajang;SMA;2;Sulawesi;PNS;29;3790094;2319972;470892210;23139433;Menumpang;Cukup;675;1;Renovasi Rumah;175240424;12;Layak
528;45;Perempuan;Cerai;SMA;0;Sumatera;Swasta;20;8077427;8411028;439587556;78150661;Milik Sendiri;Baik;487;4;Renovasi Rumah;96161999;12;Layak
529;34;Laki-laki;Lajang;S1;1;Kalimantan;Swasta;1;4716451;5440725;56300267;118330524;Menumpang;Baik;516;5;Kesehatan;91366690;60;Tidak Layak
530;48;Laki-laki;Menikah;SD;4;Kalimantan;PNS;20;3845575;3998322;437384309;139531139;Menumpang;Tidak Ada Riwayat;458;3;Renovasi Rumah;46446856;84;Tidak Layak
531;21;Laki-laki;Duda/Janda;D3;3;Sumatera;Swasta;19;8654760;9328170;542200373;28150189;Sewa;Buruk;329;5;Renovasi Rumah;71165741;60;Layak
532;20;Laki-laki;Lajang;SMA;5;Kalimantan;Swasta;9;14220608;13680970;352157228;50995372;Milik Sendiri;Buruk;833;1;Konsumtif;134638976;84;Layak
533;23;Perempuan;Lajang;S2;2;Kalimantan;Wirausaha;12;6619740;5928039;747772933;1280791;Milik Sendiri;Buruk;838;2;Renovasi Rumah;139917572;24;Layak
534;25;Laki-laki;Menikah;SMA;5;Jawa;Wirausaha;23;17067611;16537704;370349244;66000062;Menumpang;Buruk;359;2;Kesehatan;120470374;12;Layak
535;22;Perempuan;Menikah;S1;1;Sumatera;Freelance;17;16509888;6758788;182361601;;Sewa;Tidak Ada Riwayat;542;4;Modal Usaha;108395302;36;Layak
536;18;Perempuan;Menikah;S1;1;Jawa;Swasta;24;3616246;2330417;565865258;110606836;Kontrak;Baik;730;3;Modal Usaha;102462317;24;Layak
537;23;Laki-laki;Menikah;SMA;5;Sumatera;Swasta;5;11977272;5917868;749372938;24974820;Sewa;Buruk;532;4;Renovasi Rumah;145732741;24;Layak
538;42;Laki-laki;Lajang;S1;2;Jawa;Tidak Bekerja;0;491544;500000;86402478;65954649;Sewa;Baik;761;1;Kesehatan;57021662;24;Tidak Layak
539;50;Laki-laki;Menikah;S1;2;Jawa;Freelance;18;10641146;7101139;140913280;8155732;Milik Sendiri;Cukup;800;2;Renovasi Rumah;24068806;24;Layak
540;27;Laki-laki;Lajang;SMA;5;Sumatera;Swasta;30;3630888;4103220;71943619;32232032;Sewa;Baik;843;1;Kesehatan;140720517;12;Layak
541;29;Perempuan;Menikah;S1;2;Jawa;Swasta;14;5499487;4200287;2262096;44262871;Milik Sendiri;Cukup;710;5;Investasi;20703555;84;Tidak Layak
542;45;Laki-laki;Duda/Janda;SMA;3;Jawa;PNS;11;7351587;5921166;87257342;38980363;Milik Sendiri;Buruk;318;4;Modal Usaha;115992578;84;Tidak Layak
543;50;Perempuan;Menikah;D3;5;Sulawesi;Swasta;12;3283636;1490847;677646003;50690103;Milik Sendiri;Baik;524;2;Investasi;40668550;84;Layak
544;24;Perempuan;Menikah;S1;0;Kalimantan;Tidak Bekerja;0;312864;500000;425208067;132487473;Menumpang;Baik;422;1;Renovasi Rumah;56672034;24;Layak
545;27;Perempuan;Lajang;SMP;5;Sumatera;PNS;10;10232300;4909021;367668426;33991990;Milik Sendiri;Buruk;764;4;Modal Usaha;190052462;60;Layak
546;24;Perempuan;Menikah;S1;3;Jawa;Swasta;5;13538303;10737433;355627157;41874423;Milik Sendiri;Buruk;571;3;Kesehatan;129922151;36;Layak
547;33;Perempuan;Cerai;SMA;5;Sumatera;Swasta;27;4820366;4561910;361751016;;Milik Sendiri;Tidak Ada Riwayat;461;1;Renovasi Rumah;25814722;36;Tidak Layak
548;55;Laki-laki;Menikah;SMA;1;Sumatera;Freelance;17;2702974;1260688;529642787;106071791;Sewa;Buruk;823;5;Renovasi Rumah;96900223;48;Tidak Layak
549;41;Laki-laki;Menikah;D3;3;Kalimantan;Swasta;10;3066675;1737019;251205364;46574731;Milik Sendiri;Cukup;330;4;Konsumtif;13951652;12;Tidak Layak
550;51;Perempuan;Menikah;D3;3;Bali;Swasta;20;15537501;10251612;210880902;125190767;Milik Sendiri;Cukup;751;1;Konsumtif;10378777;12;Layak
551;22;Perempuan;Menikah;SMP;2;Jawa;Swasta;1;17794304;19096272;529737126;62312236;Kontrak;Cukup;439;5;Konsumtif;114064138;36;Layak
552;45;Laki-laki;Menikah;S1;3;Kalimantan;Wirausaha;30;9734642;8285416;369405393;111242405;Sewa;Buruk;652;2;Pendidikan;130173944;12;Tidak Layak
553;55;Perempuan;Lajang;SMA;2;Jawa;PNS;24;3496831;1154499;779575341;37012716;Milik Sendiri;Baik;742;1;Renovasi Rumah;161075269;36;Layak
554;25;Perempuan;Lajang;SMA;4;Jawa;Freelance;27;2103450;1821290;256284407;;Sewa;Tidak Ada Riwayat;481;3;Investasi;143907986;60;Tidak Layak
555;40;Perempuan;Menikah;SMA;5;Sumatera;Swasta;28;16594929;7576171;724220968;29874023;Milik Sendiri;Buruk;371;1;Modal Usaha;9310802;48;Layak
556;57;Perempuan;Menikah;S1;2;Jawa;PNS;11;10138277;8109790;676230909;99987352;Milik Sendiri;Buruk;735;3;Konsumtif;114693655;48;Tidak Layak
557;45;Laki-laki;Menikah;S1;5;Bali;Freelance;10;7113232;3072097;308227032;4119308;Sewa;Buruk;493;3;Modal Usaha;197710359;84;Tidak Layak
558;41;Perempuan;Menikah;SMA;4;Jawa;PNS;8;4680321;5260959;202414202;;Milik Sendiri;Tidak Ada Riwayat;543;1;Modal Usaha;159534425;84;Tidak Layak
559;47;Laki-laki;Lajang;S1;4;Sulawesi;Tidak Bekerja;;483647;562739;759431357;118008885;Sewa;Tidak Ada Riwayat;540;5;Renovasi Rumah;56419063;60;Tidak Layak
560;33;Laki-laki;Menikah;SMA;5;Kalimantan;Wirausaha;20;2394623;1092115;12854310;26126344;Sewa;Baik;701;4;Konsumtif;42797058;12;Tidak Layak
561;33;Laki-laki;Menikah;S1;5;Jawa;Wirausaha;29;5025816;5325914;252925767;39076865;Milik Sendiri;Baik;829;3;Kesehatan;58555130;84;Layak
562;26;Perempuan;Menikah;SMA;1;Sumatera;Swasta;14;11835291;9155464;698290263;73113674;Milik Sendiri;Cukup;782;1;Renovasi Rumah;80998845;84;Layak
563;33;Perempuan;Lajang;S1;2;Jawa;Wirausaha;14;8717296;7881664;514121683;134108647;Menumpang;Baik;727;3;Renovasi Rumah;187177503;36;Layak
564;43;Laki-laki;Menikah;S1;5;Sulawesi;Wirausaha;29;6995767;8175611;471670826;106895113;Milik Sendiri;Tidak Ada Riwayat;454;2;Modal Usaha;49986221;60;Tidak Layak
565;28;Perempuan;Lajang;S1;5;Sumatera;Wirausaha;6;17092071;8304640;796161818;70067074;Milik Sendiri;Buruk;383;3;Investasi;118616481;36;Layak
566;36;Perempuan;Menikah;D3;5;Jawa;Wirausaha;15;7371345;7428320;481300583;;Sewa;Tidak Ada Riwayat;407;2;Modal Usaha;107240087;24;Tidak Layak
567;19;Laki-laki;Lajang;SMA;0;Sumatera;Swasta;6;17874398;15298048;148723749;36640893;Sewa;Cukup;628;5;Kesehatan;39171255;48;Layak
568;51;Perempuan;Lajang;SMA;4;Jawa;PNS;4;6882294;3427174;;68459582;Milik Sendiri;Buruk;736;3;Renovasi Rumah;120216144;12;Tidak Layak
569;60;Perempuan;Menikah;SMA;0;Sulawesi;Swasta;27;7465810;7019735;765854303;28117195;Milik Sendiri;Buruk;422;3;Investasi;199371666;12;Layak
570;20;Laki-laki;Lajang;SMA;3;Kalimantan;PNS;34;5734839;6657833;598965369;10420088;Sewa;Cukup;694;5;Modal Usaha;96957235;36;Layak
571;40;Laki-laki;Lajang;SMA;5;Sumatera;PNS;19;14108827;16076703;273121304;103277368;Milik Sendiri;Cukup;833;4;Konsumtif;139197227;24;Layak
572;20;Perempuan;Menikah;SMA;1;Sumatera;Wirausaha;31;11202924;9185084;515553599;68985061;Sewa;Buruk;329;1;Modal Usaha;43745971;24;Tidak Layak
573;52;Perempuan;Duda/Janda;SMA;3;Jawa;Wirausaha;25;15143221;11316544;131027533;22441652;Menumpang;Baik;;1;Kesehatan;169344642;48;Layak
574;54;Perempuan;Cerai;D3;5;Bali;Wirausaha;15;2878158;2310275;785567098;72101465;Kontrak;Baik;512;3;Renovasi Rumah;63499079;12;Layak
575;24;Perempuan;Lajang;D3;2;Bali;Freelance;8;722917703;5242298;776995547;130997932;Kontrak;Cukup;309;1;Renovasi Rumah;178280055;60;Layak
576;64;Perempuan;Cerai;S1;4;Sulawesi;Tidak Bekerja;;132017;500000;300878084;106071289;Milik Sendiri;Cukup;702;2;Renovasi Rumah;157471148;48;Tidak Layak
577;29;Laki-laki;Lajang;D3;3;Sumatera;Swasta;7;14019696;4724606;;14902866;Sewa;Baik;717;5;Renovasi Rumah;102731352;36;Layak
578;48;Laki-laki;Lajang;D3;5;Jawa;Tidak Bekerja;;58536;500000;304788922;135970804;Kontrak;Cukup;555;4;Pendidikan;129829289;84;Tidak Layak
579;54;Perempuan;Duda/Janda;S1;5;Jawa;Wirausaha;30;1015146881;14295576;27401624;139467885;Sewa;Buruk;634;4;Modal Usaha;69275285;36;Layak
580;37;Perempuan;Menikah;D3;0;Jawa;Wirausaha;2;7098380;8509621;227007829;30757799;Sewa;Buruk;352;5;Renovasi Rumah;33994754;12;Tidak Layak
581;44;Laki-laki;Cerai;SMA;5;Sumatera;Swasta;27;7683387;7202843;733066870;134960632;Sewa;Buruk;705;5;Modal Usaha;166942326;48;Tidak Layak
582;42;Perempuan;Menikah;S1;3;Jawa;Swasta;25;15245314;9357196;153940453;109579278;Kontrak;Buruk;352;5;Modal Usaha;176817932;84;Tidak Layak
583;35;Perempuan;Menikah;SMA;2;Sumatera;PNS;24;11070224;11400935;494149835;21988042;Sewa;Baik;332;2;Modal Usaha;179230047;24;Layak
584;46;Perempuan;Menikah;S1;4;Jawa;Wirausaha;9;11290624;9509199;712900275;73936952;Milik Sendiri;Baik;327;4;Kesehatan;125030257;60;Layak
585;44;Laki-laki;Menikah;SMA;0;Sulawesi;Swasta;18;1918403195;6066471;388480857;72850159;Menumpang;Buruk;604;2;Modal Usaha;100138900;48;Layak
586;39;Laki-laki;Lajang;S1;4;Sumatera;Swasta;16;15411081;6670022;;122819457;Milik Sendiri;Baik;758;4;Modal Usaha;45746504;84;Layak
587;24;Laki-laki;Menikah;S1;5;Sumatera;Wirausaha;2;4361507;4513764;414277787;110628485;Sewa;Baik;401;3;Pendidikan;58207949;60;Layak
588;48;Perempuan;Lajang;S1;5;Sumatera;Swasta;13;12274131;6619589;286190161;68547071;Milik Sendiri;Buruk;588;5;Konsumtif;91360084;48;Tidak Layak
589;58;Laki-laki;Lajang;S2;2;Jawa;Swasta;4;4973900;2466650;142228653;;Milik Sendiri;Tidak Ada Riwayat;515;3;Konsumtif;86450972;60;Tidak Layak
590;47;Laki-laki;Lajang;SMA;3;Jawa;Swasta;33;7213285;6246827;6195411;20226190;Kontrak;Baik;444;3;Pendidikan;114250469;36;Layak
591;31;Laki-laki;Menikah;SMP;5;Sumatera;Wirausaha;25;16586133;19643538;475324408;22616418;Sewa;Baik;824;1;Renovasi Rumah;106336567;36;Layak
592;35;Laki-laki;Menikah;D3;0;Jawa;Swasta;30;8572511;6298976;520310058;65361160;Milik Sendiri;Cukup;616;2;Konsumtif;61384584;24;Layak
593;48;Laki-laki;Cerai;SMA;1;Kalimantan;Freelance;34;8556372;5042316;334330867;105940623;Menumpang;Baik;553;2;Modal Usaha;93458448;36;Layak
594;61;Laki-laki;Lajang;SMA;0;Jawa;Swasta;26;6052822;5862494;750461620;54388452;Sewa;Cukup;549;4;Investasi;43645342;48;Layak
595;57;Laki-laki;Duda/Janda;SMP;2;NTT/NTB;PNS;15;13598185;7148664;122697451;86322283;Sewa;Cukup;500;1;Modal Usaha;56531286;12;Layak
596;45;Perempuan;Lajang;SMA;1;Sumatera;Swasta;1;9696744;4614758;217416961;106799576;Milik Sendiri;Cukup;303;1;Renovasi Rumah;43790223;48;Tidak Layak
597;41;Perempuan;Lajang;SMA;3;Kalimantan;Swasta;13;13899577;8722705;126002703;67959576;Kontrak;Tidak Ada Riwayat;532;5;Pendidikan;11788025;48;Tidak Layak
598;19;Laki-laki;Lajang;SD;4;Bali;PNS;26;578554151;6330915;654729659;;Milik Sendiri;Tidak Ada Riwayat;691;5;Modal Usaha;175161842;36;Layak
599;55;Perempuan;Cerai;SMA;5;Bali;Swasta;10;16323239;6339210;519521302;26377826;Kontrak;Cukup;581;4;Konsumtif;137816972;12;Layak
600;60;Perempuan;Cerai;S1;0;Sulawesi;Swasta;29;9308313;3651596;354517911;114077042;Sewa;Baik;552;3;Renovasi Rumah;154992586;36;Layak
601;55;Laki-laki;Cerai;S1;1;Jawa;Wirausaha;20;3888346;3852929;213820807;94782620;Milik Sendiri;Tidak Ada Riwayat;745;5;Konsumtif;194660798;60;Tidak Layak
602;61;Laki-laki;Lajang;S1;4;Sumatera;PNS;25;9850911;5213922;60168710;146611382;Sewa;Cukup;544;4;Modal Usaha;144293459;36;Tidak Layak
603;59;Perempuan;Lajang;D3;4;Jawa;Wirausaha;17;13822009;10867288;445727407;142955228;Menumpang;Cukup;575;4;Renovasi Rumah;180365761;48;Layak
604;64;Laki-laki;Menikah;S1;2;Jawa;Swasta;19;13188190;15763271;515716184;118900;Milik Sendiri;Cukup;508;2;Renovasi Rumah;148734620;48;Layak
605;24;Perempuan;Menikah;D3;3;Jawa;Swasta;28;6093572;2888686;7105057;16025360;Milik Sendiri;Baik;451;2;Pendidikan;106373117;36;Layak
606;24;Laki-laki;Menikah;S1;4;Jawa;Swasta;30;4915927;3561358;756376045;16450957;Milik Sendiri;Buruk;484;5;Konsumtif;48639465;24;Layak
607;53;Perempuan;Duda/Janda;SMA;1;NTT/NTB;Swasta;25;13878975;14708612;372989318;9775359;Sewa;Cukup;646;3;Modal Usaha;65708312;48;Layak
608;18;Laki-laki;Menikah;S2;1;Jawa;Swasta;28;4385447;2825368;118003254;62391899;Kontrak;Cukup;831;1;Pendidikan;25695637;60;Tidak Layak
609;49;Perempuan;Menikah;D3;1;Sumatera;PNS;34;14547336;14373244;586300354;91722399;Sewa;Buruk;662;1;Pendidikan;55780634;60;Layak
610;20;Laki-laki;Menikah;SMA;2;Jawa;Freelance;21;17040044;14486820;733667437;113550439;Milik Sendiri;Buruk;745;3;Pendidikan;63113709;60;Layak
611;30;Perempuan;Duda/Janda;S1;2;Jawa;Swasta;31;5186025;4859156;64320864;;Milik Sendiri;Tidak Ada Riwayat;508;2;Modal Usaha;118168350;48;Tidak Layak
612;45;Laki-laki;Lajang;S1;3;Jawa;Wirausaha;4;16079036;16780633;450126940;;Milik Sendiri;Tidak Ada Riwayat;505;1;Modal Usaha;17002005;84;Layak
613;47;Perempuan;Lajang;D3;5;Jawa;Swasta;34;3864148;3346256;326045959;85092822;Menumpang;Cukup;547;2;Pendidikan;148661764;12;Tidak Layak
614;36;Laki-laki;Cerai;D3;4;Sumatera;Swasta;17;14123782;5524935;27693297;115859003;Kontrak;Baik;500;5;Modal Usaha;70624755;24;Layak
615;47;Perempuan;Lajang;SD;3;Jawa;Freelance;31;16287298;11682078;113161772;26217513;Milik Sendiri;Buruk;571;3;Modal Usaha;31381382;24;Layak
616;62;Laki-laki;Menikah;D3;4;Sulawesi;Swasta;18;5945449;7082226;162416417;;Menumpang;Tidak Ada Riwayat;767;2;Modal Usaha;83456197;84;Tidak Layak
617;19;Perempuan;Duda/Janda;S1;4;Sumatera;Swasta;8;4413430;3248872;455274909;47405299;Kontrak;Buruk;411;3;Modal Usaha;20538575;36;Tidak Layak
618;52;Perempuan;Menikah;SMA;1;Jawa;Swasta;2;13516630;4546707;484448252;5439467;Kontrak;Buruk;502;3;Modal Usaha;10422664;60;Layak
619;62;Laki-laki;Menikah;S1;2;Sumatera;Wirausaha;15;3044643;2561063;678565485;114320590;Kontrak;Tidak Ada Riwayat;402;4;Modal Usaha;100710881;48;Tidak Layak
620;47;Perempuan;Menikah;SMA;4;Sumatera;Swasta;23;2832132;1486585;350088313;94146503;Milik Sendiri;Baik;357;2;Modal Usaha;30132438;12;Layak
621;40;Laki-laki;Menikah;S1;4;Jawa;Wirausaha;8;12488449;7078355;33736186;23296868;Kontrak;Cukup;439;5;Renovasi Rumah;49560725;12;Layak
622;62;Perempuan;Menikah;SMA;2;Jawa;PNS;25;14280397;5368092;677568100;96077718;Milik Sendiri;Cukup;469;3;Modal Usaha;58706590;84;Layak
623;35;Perempuan;Lajang;D3;0;Sulawesi;Wirausaha;18;6641624;3377225;;;Sewa;Tidak Ada Riwayat;644;3;Renovasi Rumah;161702311;12;Tidak Layak
624;47;Laki-laki;Lajang;S1;1;Jawa;Swasta;1;3604236;3531752;285461224;113371;Milik Sendiri;Baik;691;1;Investasi;8269372;24;Layak
625;32;Laki-laki;Lajang;S2;3;Jawa;Swasta;29;7145645;6431118;407006305;2550983;Sewa;Buruk;492;3;Modal Usaha;125942435;12;Layak
626;41;Perempuan;Menikah;SD;0;Jawa;Tidak Bekerja;0;1180;500000;286802141;23488428;Menumpang;Buruk;763;1;Kesehatan;108269114;24;Tidak Layak
627;39;Perempuan;Lajang;D3;0;Sumatera;Swasta;3;7851653;7268892;474604128;77754887;Kontrak;Buruk;427;1;Pendidikan;163456894;60;Tidak Layak
628;56;Perempuan;Menikah;S1;2;Kalimantan;Wirausaha;12;13829700;7238481;739142665;104738942;Milik Sendiri;Tidak Ada Riwayat;566;5;Renovasi Rumah;52653410;84;Layak
629;51;Laki-laki;Menikah;S1;4;Jawa;Wirausaha;22;16518533;15125331;9900491;31950431;Menumpang;Baik;331;4;Modal Usaha;198373813;84;Layak
630;45;Perempuan;Lajang;S1;5;Jawa;Freelance;22;4120345;4071637;646180184;90695757;Milik Sendiri;Buruk;593;3;Modal Usaha;42852999;60;Tidak Layak
631;38;Laki-laki;Menikah;S2;4;Sumatera;Wirausaha;15;2333856;2319765;736478504;120746025;Kontrak;Baik;821;5;Konsumtif;94855688;60;Layak
632;29;Laki-laki;Menikah;SMA;5;NTT/NTB;Swasta;14;6002024;3964797;214620242;32126294;Kontrak;Baik;300;2;Investasi;154927865;36;Layak
633;62;Perempuan;Menikah;D3;2;Jawa;Wirausaha;18;5409524;5184815;314339007;128836795;Menumpang;Buruk;692;3;Renovasi Rumah;53145107;24;Tidak Layak
634;21;Perempuan;Lajang;SMA;3;Jawa;Tidak Bekerja;;463800;500000;84569344;37507840;Kontrak;Buruk;377;1;Modal Usaha;79527219;84;Tidak Layak
635;51;Perempuan;Lajang;SD;1;Kalimantan;Wirausaha;29;2294096;935453;175687108;44182315;Milik Sendiri;Buruk;485;3;Pendidikan;104539498;12;Tidak Layak
636;38;Laki-laki;Lajang;D3;0;Kalimantan;Freelance;4;9919831;7795182;307883274;21924599;Menumpang;Buruk;327;1;Pendidikan;168640745;48;Tidak Layak
637;60;Laki-laki;Menikah;SMA;5;Jawa;Swasta;8;10030078;7666282;352825435;65271304;Milik Sendiri;Cukup;715;3;Konsumtif;91822760;48;Layak
638;41;Laki-laki;Cerai;S1;3;Kalimantan;Wirausaha;14;3902050;3354477;256890785;37468991;Sewa;Buruk;499;5;Konsumtif;125943048;60;Tidak Layak
639;57;Perempuan;Menikah;D3;2;NTT/NTB;Swasta;15;12776157;6791157;428996461;86396331;Milik Sendiri;Baik;837;4;Modal Usaha;25833122;60;Layak
640;25;Laki-laki;Menikah;SMA;3;Sumatera;Swasta;10;9742562;5389247;305441134;124437393;Milik Sendiri;Baik;597;3;Investasi;182761825;48;Layak
641;33;Perempuan;Lajang;SMA;4;Sumatera;Wirausaha;19;9269993;7888840;691229354;127634132;Milik Sendiri;Buruk;657;4;Modal Usaha;56540465;48;Layak
642;59;Laki-laki;Lajang;SMA;4;Bali;PNS;18;10853702;4112696;137887104;7300485;Sewa;Baik;486;2;Modal Usaha;28135182;12;Layak
643;43;Perempuan;Lajang;S2;5;Jawa;Wirausaha;20;12140215;8535050;404727373;77771179;Kontrak;Baik;846;1;Investasi;145605918;84;Layak
644;44;LAKI-LAKI;Lajang;SMA;0;Sumatera;Tidak Bekerja;;418671;500000;698905709;93877469;Milik Sendiri;Buruk;385;5;Modal Usaha;161437716;48;Tidak Layak
645;24;L;Menikah;S1;0;Kalimantan;Swasta;2;6404640;6541301;186751921;;Sewa;Tidak Ada Riwayat;797;2;Pendidikan;7386873;36;Tidak Layak
646;56;Laki-laki;Duda/Janda;S1;4;Jawa;Swasta;11;1888431;1388744;399486409;91713186;Milik Sendiri;Baik;790;1;Kesehatan;112299088;60;Layak
647;56;LAKI-LAKI;Menikah;SMA;0;Jawa;Swasta;25;9372724;5509678;467911736;12570653;Menumpang;Cukup;515;2;Renovasi Rumah;23024678;36;Layak
648;46;Perempuan;Duda/Janda;S1;5;Kalimantan;Swasta;21;;18213013;12194943;149590308;Kontrak;Tidak Ada Riwayat;534;2;Pendidikan;8111199;48;Tidak Layak
649;24;Perempuan;Menikah;SMA;2;Kalimantan;PNS;6;7048641;3763355;72220170;20655885;Milik Sendiri;Baik;455;5;Investasi;93795197;36;Layak
650;40;Perempuan;Lajang;S1;1;Jawa;Swasta;7;8756676;7205752;98917152;97451515;Milik Sendiri;Baik;771;2;Modal Usaha;145598123;24;Layak
651;44;Laki-laki;Menikah;SMA;0;Jawa;Swasta;27;15862761;17009186;521142180;140328184;Milik Sendiri;Cukup;535;2;Renovasi Rumah;11285976;84;Layak
652;61;Laki-laki;Cerai;SMA;3;Sulawesi;PNS;20;6704576;6133285;298697272;62406109;Kontrak;Cukup;847;1;Pendidikan;38028370;60;Tidak Layak
653;41;Perempuan;Lajang;S1;3;Sumatera;Swasta;22;17727924;8416324;749723365;20966921;Sewa;Baik;416;1;Modal Usaha;34520163;36;Layak
654;31;Laki-laki;Lajang;S1;0;Kalimantan;PNS;24;13419089;15142010;370708307;98703664;Milik Sendiri;Cukup;803;1;Konsumtif;47475869;36;Layak
655;30;Laki-laki;Menikah;S2;5;Jawa;PNS;11;;6220140;600262526;;Kontrak;Tidak Ada Riwayat;692;5;Modal Usaha;150912437;48;Layak
656;48;Laki-laki;Menikah;SMP;1;Jawa;Swasta;8;12297717;12692486;264549172;92320883;Sewa;Baik;;5;Modal Usaha;41133212;60;Layak
657;61;Perempuan;Menikah;SMA;4;Jawa;PNS;31;3906663;3180009;411469129;62959523;Milik Sendiri;Baik;823;2;Pendidikan;164826148;48;Layak
658;32;Perempuan;Menikah;SD;5;Jawa;Swasta;23;13997641;5603153;514552264;42806745;Kontrak;Baik;762;1;Investasi;81717033;84;Layak
659;49;Laki-laki;Duda/Janda;D3;0;Jawa;Swasta;23;8991775;7520408;328205217;119696724;Milik Sendiri;Baik;351;2;Pendidikan;193758078;84;Layak
660;58;Laki-laki;Lajang;D3;5;Jawa;Freelance;7;;3844958;130040881;;Kontrak;Tidak Ada Riwayat;621;5;Renovasi Rumah;183244733;36;Tidak Layak
661;39;Laki-laki;Menikah;SMA;0;Jawa;PNS;26;10171504;3797858;783244938;34127448;Kontrak;Cukup;449;5;Modal Usaha;137369754;48;Layak
662;45;Laki-laki;Duda/Janda;SMA;5;Jawa;Swasta;33;3762856;2337721;508232857;125629768;Sewa;Cukup;705;3;Modal Usaha;23540849;36;Tidak Layak
663;43;Laki-laki;Lajang;SD;3;Jawa;Wirausaha;6;7032489;6971082;157936022;43097963;Milik Sendiri;Baik;487;3;Renovasi Rumah;121712626;60;Layak
664;58;Perempuan;Lajang;SMP;0;Jawa;Tidak Bekerja;;447771;500000;515691229;16891983;Sewa;Baik;823;1;Pendidikan;151914666;48;Layak
665;47;Perempuan;Menikah;D3;1;Sulawesi;Swasta;24;14216662;8990705;328904614;;Milik Sendiri;Tidak Ada Riwayat;738;1;Renovasi Rumah;128875190;12;Tidak Layak
666;42;Perempuan;Menikah;S2;5;Kalimantan;Wirausaha;5;9121098;9082849;;;Kontrak;Tidak Ada Riwayat;430;3;Konsumtif;49548124;12;Tidak Layak
667;49;Laki-laki;Menikah;S1;2;Sumatera;Swasta;5;16634651;8978678;402738273;148307997;Menumpang;Cukup;817;5;Modal Usaha;142233056;12;Layak
668;27;Laki-laki;Lajang;SMA;1;Jawa;Wirausaha;9;5026059;3792476;661177033;129796710;Milik Sendiri;Buruk;363;3;Pendidikan;144548932;24;Tidak Layak
669;39;Laki-laki;Menikah;S1;4;Kalimantan;PNS;8;5277417;3987515;508724774;;Sewa;Tidak Ada Riwayat;;1;Modal Usaha;117095988;60;Tidak Layak
670;39;Perempuan;Duda/Janda;SD;5;Sulawesi;Swasta;19;7014144;2108107;125974079;19521298;Milik Sendiri;Baik;665;5;Kesehatan;185055784;12;Layak
671;32;Perempuan;Menikah;SMP;4;Jawa;Freelance;20;12149264;13520749;265670266;6561749;Sewa;Buruk;429;4;Pendidikan;66162611;48;Layak
672;36;Perempuan;Menikah;SMA;4;NTT/NTB;PNS;19;3282551;1968205;258142895;60559400;Sewa;Cukup;733;1;Kesehatan;75471618;12;Tidak Layak
673;41;Laki-laki;Duda/Janda;S1;2;Jawa;Wirausaha;28;11186387;6594769;597183623;57061576;Milik Sendiri;Baik;654;4;Renovasi Rumah;89383547;48;Layak
674;36;Laki-laki;Menikah;SMA;5;Kalimantan;PNS;3;10011916;7066167;227764910;121965176;Sewa;Cukup;666;5;Renovasi Rumah;35100124;12;Tidak Layak
675;20;Perempuan;Menikah;S1;4;Sumatera;Tidak Bekerja;0;174689;500000;4843335;41385726;Kontrak;Baik;441;3;Pendidikan;107156348;12;Tidak Layak
676;24;Laki-laki;Menikah;SMA;5;Jawa;Wirausaha;11;11817843;11116390;56754454;53605526;Sewa;Baik;695;3;Pendidikan;13778235;12;Layak
677;41;Laki-laki;Menikah;SMA;4;Sumatera;PNS;1;13241042;13194195;184859093;25540334;Milik Sendiri;Cukup;394;4;Investasi;170996631;48;Layak
678;48;Laki-laki;Menikah;S1;2;Jawa;Wirausaha;11;15537317;10361037;174038787;50492085;Sewa;Baik;803;2;Renovasi Rumah;76537334;84;Layak
679;63;Perempuan;Menikah;D3;1;Sumatera;Swasta;33;3287152;3896862;543134433;142458280;Sewa;Baik;698;4;Modal Usaha;50884451;36;Layak
680;63;Laki-laki;Duda/Janda;SMA;4;Jawa;Wirausaha;8;12662675;3959637;13259307;6100115;Menumpang;Baik;379;4;Modal Usaha;49048408;48;Layak
681;39;Perempuan;Lajang;D3;0;Jawa;Swasta;11;15556999;9017699;771970539;50265161;Kontrak;Cukup;569;4;Investasi;35398191;12;Layak
682;62;Perempuan;Cerai;S1;0;Sumatera;Wirausaha;2;17882493;20358510;604973302;123306948;Menumpang;Baik;809;2;Modal Usaha;40930850;60;Layak
683;45;Laki-laki;Lajang;SMP;2;Sumatera;Swasta;9;15866585;9546945;215172840;38243388;Sewa;Buruk;395;3;Konsumtif;76052963;12;Tidak Layak
684;25;Laki-laki;Cerai;S1;3;Kalimantan;Freelance;34;11952909;13026501;492119469;1244059;Milik Sendiri;Baik;734;3;Investasi;70217725;36;Layak
685;39;Laki-laki;Cerai;D3;1;Sumatera;PNS;30;6655452;4903046;680762506;81288128;Kontrak;Baik;571;3;Investasi;166062483;84;Layak
686;27;Perempuan;Menikah;D3;0;Sumatera;Freelance;23;7779272;4611275;618928802;139736560;Sewa;Baik;657;3;Renovasi Rumah;87363182;24;Layak
687;60;Perempuan;Menikah;SMA;3;Sulawesi;Freelance;21;14395074;5591273;335183876;91406804;Milik Sendiri;Baik;765;2;Modal Usaha;182500432;84;Layak
688;43;Perempuan;Menikah;SMA;3;Kalimantan;Wirausaha;28;;2579005;492985416;54239824;Milik Sendiri;Buruk;502;5;Konsumtif;69433681;84;Tidak Layak
689;59;Perempuan;Menikah;SMA;3;Sumatera;Swasta;25;11101938;4445822;389437256;46975294;Sewa;Cukup;662;5;Pendidikan;145201542;60;Layak
690;30;Laki-laki;Menikah;SMP;5;Jawa;Tidak Bekerja;0;176075;500000;690221242;65283535;Sewa;Baik;554;1;Modal Usaha;199758196;36;Layak
691;31;Laki-laki;Lajang;S1;1;NTT/NTB;PNS;6;3614271;3504527;48773021;134581069;Menumpang;Cukup;620;2;Renovasi Rumah;160308828;36;Tidak Layak
692;44;Laki-laki;Lajang;S1;0;Kalimantan;Swasta;19;15879667;13431944;21507141;99016316;Milik Sendiri;Baik;397;2;Modal Usaha;104632003;12;Layak
693;24;Perempuan;Lajang;SMA;2;Sumatera;Swasta;9;9550047;10887930;474112480;55814337;Sewa;Cukup;824;1;Renovasi Rumah;107643836;12;Layak
694;52;Laki-laki;Menikah;D3;4;Jawa;Tidak Bekerja;0;175141;500000;429936112;;Milik Sendiri;Tidak Ada Riwayat;678;2;Renovasi Rumah;151742947;60;Tidak Layak
695;44;Laki-laki;Menikah;S1;1;Sumatera;PNS;24;13341496;11589690;577307840;80351956;Kontrak;Cukup;799;1;Pendidikan;167413254;48;Layak
696;19;Perempuan;Lajang;SMA;2;Kalimantan;Freelance;2;;6886353;548599081;;Kontrak;Tidak Ada Riwayat;804;4;Modal Usaha;41008413;60;Layak
697;35;Perempuan;Menikah;SMA;1;Sulawesi;Freelance;30;7941729;5558965;205619177;55170170;Milik Sendiri;Buruk;363;5;Pendidikan;159338855;24;Tidak Layak
698;50;Perempuan;Cerai;D3;0;NTT/NTB;PNS;18;10935695;10549670;86848299;43064952;Milik Sendiri;Cukup;;3;Kesehatan;168432471;84;Tidak Layak
699;55;Perempuan;Lajang;SMP;1;Jawa;Swasta;23;7753796;5389136;;;Kontrak;Tidak Ada Riwayat;586;5;Modal Usaha;9455409;60;Tidak Layak
700;52;Laki-laki;Menikah;S1;0;Kalimantan;Freelance;23;8861175;3328453;348148405;92563127;Milik Sendiri;Baik;445;1;Modal Usaha;148224536;84;Layak
701;26;Laki-laki;Cerai;SMP;0;Kalimantan;Wirausaha;24;8285559;6367036;413441406;94508373;Sewa;Cukup;464;4;Renovasi Rumah;66383289;24;Tidak Layak
702;48;Laki-laki;Lajang;SD;1;Kalimantan;Swasta;6;9950867;8187073;692774397;8990524;Sewa;Cukup;713;2;Kesehatan;154490855;24;Layak
703;28;Perempuan;Menikah;SMA;0;Jawa;Swasta;23;6657072;4374937;274527615;55947010;Menumpang;Cukup;394;1;Kesehatan;155365875;48;Tidak Layak
704;23;Perempuan;Menikah;D3;3;Kalimantan;Tidak Bekerja;;499167;540956;549049776;29752574;Kontrak;Baik;514;1;Modal Usaha;71287950;60;Layak
705;64;Laki-laki;Lajang;SD;3;Jawa;Wirausaha;19;11288320;12025219;618590540;;Sewa;Tidak Ada Riwayat;384;4;Kesehatan;15401556;48;Layak
706;53;Laki-laki;Duda/Janda;SMA;2;Jawa;Tidak Bekerja;0;410724;500000;351128488;92254237;Kontrak;Baik;752;2;Investasi;118823499;48;Layak
707;50;Laki-laki;Menikah;SMP;4;Jawa;PNS;23;8148040;3388476;293846528;58018475;Kontrak;Baik;535;5;Modal Usaha;187028702;24;Layak
708;46;Laki-laki;Menikah;SD;3;Jawa;Swasta;17;13347626;13980937;333529828;84907422;Milik Sendiri;Baik;705;5;Modal Usaha;139228565;12;Layak
709;20;Perempuan;Menikah;S1;5;Jawa;PNS;27;6550298;5579436;719502016;79733644;Kontrak;Buruk;693;1;Investasi;76979449;12;Tidak Layak
710;20;Laki-laki;Cerai;S1;5;Sumatera;Swasta;29;10812988;6663297;476497303;49731417;Milik Sendiri;Buruk;614;5;Konsumtif;140294134;48;Layak
711;62;Laki-laki;Menikah;SMA;4;Sulawesi;PNS;25;14072908;6066217;351401040;6171541;Sewa;Cukup;745;2;Renovasi Rumah;26388034;60;Layak
712;48;Laki-laki;Lajang;SMP;5;Sulawesi;PNS;22;5321195;4222829;661977427;107056435;Sewa;Baik;300;5;Konsumtif;28297843;24;Layak
713;47;Perempuan;Lajang;D3;5;Jawa;Swasta;25;8287961;7109984;267115200;67270247;Milik Sendiri;Cukup;436;2;Modal Usaha;53425693;48;Tidak Layak
714;53;Perempuan;Menikah;SMA;4;Sulawesi;PNS;23;13013660;10606538;437505750;133051282;Sewa;Baik;418;3;Renovasi Rumah;69310505;36;Layak
715;63;Laki-laki;Menikah;SMP;4;Jawa;Wirausaha;26;6790720;3948930;34335145;66892215;Kontrak;Cukup;582;4;Investasi;106312846;60;Tidak Layak
716;58;Laki-laki;Menikah;SMP;2;NTT/NTB;PNS;27;11288598;13193693;675618116;131634751;Kontrak;Buruk;420;3;Konsumtif;28272480;60;Tidak Layak
717;36;Perempuan;Lajang;SMP;5;Jawa;PNS;11;11966173;4375792;502820699;94752369;Milik Sendiri;Baik;644;3;Modal Usaha;85415299;24;Layak
718;54;Laki-laki;Menikah;SMA;1;Jawa;Wirausaha;8;16714559;12631908;236654765;34510587;Milik Sendiri;Cukup;411;2;Modal Usaha;103844984;48;Layak
719;63;Perempuan;Cerai;SMA;0;Jawa;Swasta;12;10352414;7594171;33486255;137048471;Kontrak;Baik;486;5;Modal Usaha;199139707;60;Layak
720;25;Laki-laki;Duda/Janda;SMA;0;Jawa;Swasta;16;17052169;10072420;335377161;72296124;Sewa;Cukup;457;5;Kesehatan;138457991;60;Layak
721;59;Laki-laki;Menikah;D3;2;Jawa;Wirausaha;4;9970374;9301128;740700620;66704990;Milik Sendiri;Baik;787;1;Konsumtif;67846881;24;Layak
722;54;LAKI-LAKI;Menikah;D3;3;Jawa;Swasta;2;5088506;5230799;272283910;116605308;Milik Sendiri;Baik;568;4;Renovasi Rumah;196031444;48;Layak
723;51;Perempuan;Lajang;S1;4;Kalimantan;PNS;30;5438654;5463509;134052860;127921668;Milik Sendiri;Cukup;725;3;Renovasi Rumah;88208843;48;Tidak Layak
724;32;Laki-laki;Duda/Janda;S1;4;Kalimantan;Tidak Bekerja;;111261;500000;348465787;81693404;Sewa;Cukup;820;1;Konsumtif;90580711;24;Tidak Layak
725;21;Laki-laki;Menikah;S1;1;Jawa;Swasta;32;4515954;1367896;54440069;124062193;Kontrak;Cukup;579;4;Renovasi Rumah;112317785;24;Tidak Layak
726;36;Perempuan;Lajang;S2;2;Jaawa;Swasta;27;9614303;11175205;286196793;77917522;Milik Sendiri;Baik;495;5;Modal Usaha;46792588;84;Layak
727;53;Perempuan;Menikah;S1;5;Bali;Wirausaha;10;16974618;16564258;223441172;99333963;Sewa;Buruk;706;4;Renovasi Rumah;165144642;12;Layak
728;51;Perempuan;Duda/Janda;D3;0;Sumatera;Wirausaha;9;6570538;4703953;425356686;27654441;Milik Sendiri;Baik;627;2;Renovasi Rumah;51227205;84;Layak
729;52;Perempuan;Lajang;S1;5;Kalimantan;Wirausaha;22;1718349;1377519;753708178;140921847;Sewa;Cukup;;5;Pendidikan;53204992;12;Tidak Layak
730;31;Laki-laki;Lajang;S1;1;Sumatera;PNS;10;13967512;15610112;754426535;54951352;Menumpang;Buruk;386;3;Modal Usaha;78713052;36;Layak
731;22;Perempuan;Duda/Janda;S1;1;Sumatera;PNS;19;9190702;10934358;774861157;24986944;Sewa;Baik;845;1;Renovasi Rumah;152126455;84;Layak
732;58;Perempuan;Menikah;D3;4;Jawa;Swasta;4;15897729;6280213;639082312;64283375;Milik Sendiri;Tidak Ada Riwayat;305;4;Renovasi Rumah;185935328;48;Layak
733;63;Perempuan;Menikah;S2;0;Sulawesi;Wirausaha;30;8786504;5216991;241449233;;Milik Sendiri;Tidak Ada Riwayat;449;1;Kesehatan;153527191;84;Tidak Layak
734;61;Perempuan;Lajang;S1;0;Sulawesi;Swasta;2;10411085;9603664;33992770;132969663;Kontrak;Baik;517;3;Investasi;104688173;60;Layak
735;46;Perempuan;Menikah;S1;4;Sumatera;PNS;1;4389046;5046513;353939166;132190859;Milik Sendiri;Cukup;312;1;Modal Usaha;177170499;36;Tidak Layak
736;27;Laki-laki;Lajang;SD;5;Jawa;Swasta;34;12292867;6661821;227154999;5285425;Milik Sendiri;Baik;616;1;Kesehatan;75337304;24;Layak
737;38;Perempuan;Cerai;SMA;2;Sumatera;Swasta;26;5819129;3694393;97010878;59996773;Sewa;Baik;415;4;Modal Usaha;22372973;12;Layak
738;46;Laki-laki;Duda/Janda;S1;5;Jawa;Tidak Bekerja;0;178701;500000;11336097;81153045;Milik Sendiri;Buruk;439;3;Renovasi Rumah;148107150;12;Tidak Layak
739;57;Laki-laki;Menikah;SMA;0;Jawa;Wirausaha;11;13179001;13016354;115815748;108501792;Milik Sendiri;Baik;758;2;Konsumtif;163094197;24;Layak
740;46;Laki-laki;Menikah;SMA;3;Sumatera;Tidak Bekerja;;433713;500000;777618457;131311112;Kontrak;Cukup;744;4;Konsumtif;135711422;60;Tidak Layak
741;38;Laki-laki;Lajang;SMA;4;Sulawesi;Wirausaha;31;13631362;14573032;368484050;50758137;Kontrak;Tidak Ada Riwayat;428;4;Konsumtif;174540965;12;Layak
742;48;Laki-laki;Menikah;SMA;0;Jawa;Tidak Bekerja;;476858;567005;133345817;79124807;Menumpang;Cukup;645;5;Modal Usaha;11525363;36;Tidak Layak
743;48;Perempuan;Duda/Janda;SMA;4;Sumatera;PNS;11;6508828;4047225;89899069;67595111;Sewa;Baik;641;4;Modal Usaha;179827816;12;Layak
744;49;Laki-laki;Menikah;S1;4;Jawa;Swasta;1;15058135;13856276;20545282;;Milik Sendiri;Tidak Ada Riwayat;693;1;Modal Usaha;51614304;36;Tidak Layak
745;33;Perempuan;Lajang;SMA;1;Sulawesi;PNS;28;10698089;7251112;496338252;117292013;Kontrak;Buruk;353;1;Renovasi Rumah;36643870;48;Tidak Layak
746;45;Laki-laki;Lajang;SMP;1;Kalimantan;Swasta;24;10654554;6152674;343084349;34005473;Kontrak;Tidak Ada Riwayat;613;2;Modal Usaha;18091282;84;Tidak Layak
747;55;Perempuan;Menikah;S2;2;Jawa;Tidak Bekerja;;328153;500000;338119153;114015770;Menumpang;Buruk;459;5;Renovasi Rumah;50881719;12;Tidak Layak
748;19;Perempuan;Menikah;S1;2;Sumatera;Tidak Bekerja;;77643;500000;772367464;72610720;Milik Sendiri;Cukup;711;1;Modal Usaha;170171718;84;Layak
749;19;Laki-laki;Menikah;SMA;5;Bali;Swasta;1;14170550;14410484;656935739;147911014;Sewa;Baik;392;5;Renovasi Rumah;30295396;12;Layak
750;24;Laki-laki;Lajang;S2;3;Jawa;Wirausaha;5;3730474;3441594;585655541;3969576;Milik Sendiri;Cukup;;3;Renovasi Rumah;178887754;60;Layak
751;64;Laki-laki;Menikah;SMA;3;Jawa;Wirausaha;34;13503084;5888693;713372240;112975764;Milik Sendiri;Cukup;609;1;Renovasi Rumah;87607921;24;Layak
752;49;Perempuan;Duda/Janda;S1;3;NTT/NTB;Wirausaha;6;6895340;3280124;467072838;93142564;Milik Sendiri;Buruk;394;4;Kesehatan;191160768;84;Tidak Layak
753;57;Laki-laki;Menikah;SMA;3;Sumatera;Wirausaha;3;8700230;9280433;411873812;78555680;Milik Sendiri;Baik;367;5;Modal Usaha;172909934;84;Layak
754;41;Laki-laki;Lajang;SMP;0;Sumatera;PNS;29;14127113;13492761;681634351;;Milik Sendiri;Tidak Ada Riwayat;;2;Renovasi Rumah;7138997;48;Layak
755;44;Perempuan;Lajang;D3;3;Jawa;Wirausaha;3;11827279;11009374;59177608;17774995;Milik Sendiri;Baik;830;2;Investasi;99882367;84;Layak
756;62;Perempuan;Menikah;SMA;0;NTT/NTB;Freelance;21;5211985;2237019;;5175303;Sewa;Baik;821;5;Renovasi Rumah;151857343;60;Layak
757;35;Laki-laki;Menikah;S1;4;Sumatera;Wirausaha;18;12365250;8204398;106621636;50555306;Kontrak;Baik;350;5;Modal Usaha;188932661;84;Layak
758;55;Perempuan;Menikah;SMA;2;NTT/NTB;Swasta;1;11973970;9578006;201978013;87950375;Sewa;Cukup;380;5;Renovasi Rumah;171103443;48;Layak
759;51;Laki-laki;Lajang;D3;0;Jawa;Wirausaha;33;8943193;10404191;119417794;136805734;Milik Sendiri;Cukup;838;1;Modal Usaha;76212475;84;Tidak Layak
760;47;Laki-laki;Lajang;S1;3;Jawa;Swasta;9;17802297;6821335;664858770;133687634;Milik Sendiri;Cukup;782;3;Konsumtif;124188276;36;Layak
761;36;Perempuan;Lajang;S1;0;jawa;Wirausaha;3;5227040;2705559;416979641;86873685;Milik Sendiri;Buruk;408;2;Renovasi Rumah;190116402;48;Tidak Layak
762;19;Laki-laki;Menikah;SMP;2;Jawa;Swasta;23;3299765;3136736;237189326;116900331;Kontrak;Baik;653;3;Modal Usaha;159126499;36;Layak
763;48;Laki-laki;Menikah;S1;3;Sumatera;Swasta;20;8227843;4708030;21918066;141688699;Milik Sendiri;Cukup;782;4;Renovasi Rumah;158373323;36;Tidak Layak
764;25;Perempuan;Lajang;SMA;3;Kalimantan;Wirausaha;16;16053038;12430844;690340084;47055750;Sewa;Baik;491;3;Investasi;152047070;12;Layak
765;43;Perempuan;Menikah;SMA;4;Kalimantan;Tidak Bekerja;;198251;500000;798818250;110767452;Milik Sendiri;Baik;776;4;Investasi;87066436;60;Layak
766;63;Laki-laki;Lajang;D3;4;Kalimantan;Wirausaha;9;3239479;1424126;368948183;113017254;Sewa;Tidak Ada Riwayat;480;3;Pendidikan;142381120;12;Tidak Layak
767;36;Perempuan;Lajang;SMA;0;Sumatera;Freelance;6;11962089;11763042;136828932;61735556;Milik Sendiri;Tidak Ada Riwayat;507;5;Renovasi Rumah;80303659;24;Tidak Layak
768;47;Perempuan;Menikah;SMA;1;Kalimantan;PNS;3;14172693;8662772;324789737;50534270;Menumpang;Buruk;386;1;Renovasi Rumah;77656748;84;Layak
769;38;Laki-laki;Menikah;D3;3;Sumatera;PNS;27;4297557;2584254;645126689;41867814;Milik Sendiri;Baik;480;4;Renovasi Rumah;186465935;12;Layak
770;63;Perempuan;Duda/Janda;D3;4;Sumatera;Wirausaha;26;1586231;1658837;658310276;103530099;Milik Sendiri;Tidak Ada Riwayat;804;1;Konsumtif;164271319;12;Tidak Layak
771;39;Perempuan;Lajang;S1;3;Bali;Swasta;32;3901036;1907566;77274218;53280327;Menumpang;Buruk;442;2;Renovasi Rumah;72884890;24;Tidak Layak
772;50;Laki-laki;Lajang;D3;4;Kalimantan;Freelance;21;5966877;6700733;424400099;60451211;Milik Sendiri;Cukup;662;2;Modal Usaha;199125383;36;Layak
773;19;Perempuan;Lajang;D3;3;Sumatera;Swasta;10;3918691;2053167;269853022;19517546;Milik Sendiri;Baik;719;3;Investasi;182291612;12;Layak
774;25;Perempuan;Lajang;S1;4;Jawa;Tidak Bekerja;0;357240;500000;;;Menumpang;Tidak Ada Riwayat;602;4;Modal Usaha;90457197;24;Tidak Layak
775;20;Laki-laki;Menikah;S2;4;Jawa;Wirausaha;26;6344904;3526483;;69088898;Menumpang;Baik;449;3;Modal Usaha;172692300;12;Layak
776;22;Perempuan;Duda/Janda;S1;4;NTT/NTB;Freelance;30;14991855;12369310;500187949;148309384;Sewa;Baik;494;5;Investasi;6471479;24;Layak
777;47;Perempuan;Duda/Janda;D3;3;Kalimantan;Swasta;8;13946491;6172102;151157928;144890262;Milik Sendiri;Baik;803;4;Modal Usaha;77946310;12;Layak
778;44;Laki-laki;Menikah;SD;4;Sumatera;Wirausaha;7;16106032;7479590;794611118;;Kontrak;Tidak Ada Riwayat;322;2;Investasi;148226914;12;Layak
779;38;Laki-laki;Lajang;SMP;5;Sumatera;Swasta;8;5499741;2680657;133433869;118257842;Milik Sendiri;Buruk;569;3;Renovasi Rumah;14629684;84;Tidak Layak
780;54;Laki-laki;Lajang;D3;5;Kalimantan;Tidak Bekerja;0;257569;500000;213228180;49545026;Sewa;Buruk;553;3;Renovasi Rumah;20633211;12;Tidak Layak
781;28;Laki-laki;Menikah;SD;2;Sulawesi;Swasta;9;11872276;9878455;695164866;116851235;Sewa;Baik;338;5;Renovasi Rumah;134993579;36;Layak
782;34;Laki-laki;Lajang;SMA;1;Bali;PNS;2;13223543;15658768;296915982;61602078;Milik Sendiri;Buruk;812;5;Renovasi Rumah;108355893;12;Layak
783;52;Perempuan;Menikah;SMA;5;Jawa;Swasta;9;15029131;15891252;169557652;6315341;Sewa;Baik;761;5;Modal Usaha;145777361;48;Layak
784;55;Perempuan;Lajang;S1;2;Kalimantan;Swasta;20;13009882;9173349;481307861;102460699;Menumpang;Cukup;817;2;Modal Usaha;193718149;84;Layak
785;52;Laki-laki;Lajang;SMA;2;Kalimantan;PNS;2;4315896;2577114;283734095;121658223;Milik Sendiri;Buruk;795;1;Modal Usaha;153534554;48;Tidak Layak
786;34;Perempuan;Lajang;SMA;5;Bali;Swasta;3;8910396;6122035;5644238;36841047;Milik Sendiri;Buruk;783;3;Investasi;121848492;60;Tidak Layak
787;57;Laki-laki;Menikah;D3;1;Jawa;Wirausaha;24;17533527;12252291;541849704;143160264;Milik Sendiri;Baik;467;1;Konsumtif;164209313;36;Layak
788;44;Perempuan;Cerai;D3;4;Bali;Wirausaha;28;4919759;5114188;487331367;147247593;Sewa;Cukup;410;2;Investasi;64596172;84;Tidak Layak
789;53;Laki-laki;Lajang;S1;2;Jawa;Swasta;5;7274645;3296919;78033799;27077385;Milik Sendiri;Baik;467;5;Pendidikan;14309121;60;Layak
790;38;Perempuan;Menikah;SMA;4;Kalimantan;Freelance;19;4367383;2145910;109673434;148281127;Kontrak;Baik;301;2;Renovasi Rumah;132530433;48;Tidak Layak
791;58;Laki-laki;Lajang;D3;3;Sumatera;Wirausaha;25;17018609;7996999;154506923;73980984;Milik Sendiri;Cukup;379;2;Investasi;46502564;36;Layak
792;51;Perempuan;Lajang;SD;1;Jawa;Wirausaha;9;11555055;7637260;80181957;105048556;Milik Sendiri;Baik;532;4;Pendidikan;24921505;24;Layak
793;53;Perempuan;Menikah;SMA;3;Jawa;Wirausaha;10;16873530;16151051;426341605;91695179;Milik Sendiri;Baik;;3;Konsumtif;136447518;84;Layak
794;63;Perempuan;Lajang;SMA;1;Sumatera;PNS;9;11166935;4021175;715217286;28225836;Milik Sendiri;Baik;310;1;Modal Usaha;50729321;12;Layak
795;50;Perempuan;Menikah;D3;4;Jawa;Swasta;31;14516910;14173906;40080261;9263700;Milik Sendiri;Tidak Ada Riwayat;607;5;Pendidikan;89985329;84;Layak
796;61;Laki-laki;Menikah;D3;5;Kalimantan;PNS;21;9810851;9639864;762318067;107933593;Sewa;Cukup;542;2;Konsumtif;79329448;12;Layak
797;19;Perempuan;Menikah;S1;2;Sumatera;Swasta;15;15555525;15860604;630275809;133583666;Milik Sendiri;Buruk;551;4;Investasi;167426149;60;Layak
798;21;Laki-laki;Lajang;S1;4;Kalimantan;Freelance;6;10826275;8542180;465724339;51035112;Sewa;Baik;547;2;Modal Usaha;145474824;84;Layak
799;49;Perempuan;Duda/Janda;SMA;4;Jawa;Swasta;6;7497445;3663401;694914576;61093822;Kontrak;Buruk;363;4;Modal Usaha;7741404;60;Tidak Layak
800;25;Perempuan;Menikah;S1;3;Sulawesi;Swasta;17;3198076;2737240;730955614;119729517;Milik Sendiri;Cukup;309;1;Renovasi Rumah;156467456;48;Tidak Layak
801;63;Perempuan;Menikah;S2;4;Sumatera;Freelance;1;12097875;12271539;778331192;37438256;Kontrak;Baik;634;4;Modal Usaha;10467041;84;Layak
802;29;Perempuan;Menikah;D3;5;JAWA;Freelance;31;4519469;3703362;421325814;148156266;Sewa;Buruk;702;1;Konsumtif;54340472;36;Tidak Layak
803;39;Laki-laki;Lajang;S1;5;Jawa;Swasta;33;9012496;7232876;106827080;;Milik Sendiri;Tidak Ada Riwayat;699;4;Modal Usaha;150449101;60;Tidak Layak
804;50;Laki-laki;Lajang;SMA;2;Kalimantan;Tidak Bekerja;0;246341;500000;145132479;88725467;Kontrak;Cukup;767;1;Renovasi Rumah;172385550;36;Tidak Layak
805;41;Laki-laki;Lajang;SMA;5;Jawa;Freelance;34;4588232;1459667;141954429;93981368;Milik Sendiri;Baik;337;5;Modal Usaha;132329845;36;Layak
806;53;Laki-laki;Lajang;S1;1;Sumatera;PNS;26;4867878;4207870;192012084;124902858;Milik Sendiri;Baik;658;5;Renovasi Rumah;41850781;48;Layak
807;49;Laki-laki;Lajang;S1;3;Kalimantan;Swasta;12;15822703;7670687;;128827499;Milik Sendiri;Buruk;404;5;Renovasi Rumah;189967882;84;Tidak Layak
808;50;Perempuan;Lajang;SMA;3;Bali;Swasta;29;9619321;6710413;60967176;20296559;Milik Sendiri;Baik;377;5;Modal Usaha;169520164;36;Layak
809;30;Laki-laki;Lajang;SMA;2;Sumatera;Wirausaha;27;4849148;3102571;460369742;4562578;Sewa;Baik;719;3;Investasi;189655390;60;Layak
810;27;Laki-laki;Menikah;SMP;2;Jawa;Swasta;25;16440735;14006457;749874560;68288149;Menumpang;Baik;666;5;Modal Usaha;53837323;60;Layak
811;21;Perempuan;Duda/Janda;SMA;3;Sulawesi;Swasta;21;15031311;14289762;64114022;110624900;Milik Sendiri;Cukup;529;5;Modal Usaha;95527976;60;Layak
812;30;Perempuan;Menikah;D3;3;Bali;Freelance;9;10616555;9838932;391589775;78191150;Sewa;Tidak Ada Riwayat;679;3;Renovasi Rumah;53552891;24;Tidak Layak
813;31;Laki-laki;Menikah;SMA;5;NTT/NTB;Swasta;16;4461025;5227477;186677122;9156096;Menumpang;Baik;750;4;Modal Usaha;110237261;12;Layak
814;63;Laki-laki;Menikah;S1;2;Sulawesi;Swasta;15;1936783;1382329;114686915;42122687;Milik Sendiri;Baik;596;1;Investasi;73210050;12;Tidak Layak
815;52;Perempuan;Menikah;SMA;2;Sumatera;Wirausaha;15;13943708;5677614;317939313;56548811;Sewa;Buruk;591;5;Pendidikan;60578875;12;Layak
816;32;Laki-laki;Menikah;SMA;2;Jawa;Swasta;1;2788656;2944103;37794361;81009725;Kontrak;Buruk;328;1;Modal Usaha;64812928;36;Tidak Layak
817;34;Perempuan;Menikah;SMA;3;Sumatera;Wirausaha;6;7357222;2361000;723358184;89429026;Sewa;Cukup;703;3;Kesehatan;173883910;84;Layak
818;54;Laki-laki;Menikah;D3;0;Jawa;PNS;33;5054640;1516585;604768134;26316089;Kontrak;Baik;635;3;Modal Usaha;94836031;60;Layak
819;31;Perempuan;Menikah;SMA;0;Sulawesi;Tidak Bekerja;0;145466;500000;193880495;51460976;Menumpang;Tidak Ada Riwayat;656;1;Renovasi Rumah;30796763;84;Tidak Layak
820;58;Laki-laki;Lajang;S2;0;NTT/NTB;PNS;33;4822143;1731383;592493657;39870227;Sewa;Baik;584;2;Renovasi Rumah;119510414;24;Layak
821;51;Perempuan;Menikah;S2;5;Jawa;Swasta;31;6411558;2500046;298370055;112026251;Milik Sendiri;Cukup;827;2;Pendidikan;116312024;24;Tidak Layak
822;25;Perempuan;Menikah;S1;3;Bali;PNS;22;13563615;6668283;174616554;17160677;Kontrak;Cukup;573;3;Modal Usaha;187768791;36;Layak
823;42;Perempuan;Menikah;D3;3;Jawa;Swasta;11;11531872;7725761;526218314;5479417;Menumpang;Buruk;833;4;Konsumtif;28107802;84;Layak
824;51;Laki-laki;Lajang;SMA;5;Sulawesi;Swasta;17;11933338;9391123;;129882131;Milik Sendiri;Buruk;461;5;Modal Usaha;110713145;12;Tidak Layak
825;54;Perempuan;Lajang;S1;2;Sumatera;PNS;3;3528975;2100515;339153080;52597541;Milik Sendiri;Cukup;623;1;Investasi;145734869;24;Tidak Layak
826;49;Perempuan;Duda/Janda;SMP;2;Jawa;Tidak Bekerja;;187809;500000;116614294;98278429;Kontrak;Cukup;334;1;Modal Usaha;35322580;48;Tidak Layak
827;53;Perempuan;Lajang;S1;5;Jawa;PNS;22;9784308;7731878;416413215;63543807;Milik Sendiri;Baik;341;1;Pendidikan;189327991;60;Layak
828;49;Perempuan;Lajang;SMA;4;Kalimantan;Swasta;19;3004647;939449;221656030;56663494;Kontrak;Buruk;833;4;Renovasi Rumah;68148759;48;Tidak Layak
829;56;Perempuan;Menikah;D3;3;Sumatera;Swasta;14;6972625;3493028;529419633;;Menumpang;Tidak Ada Riwayat;667;2;Renovasi Rumah;92455103;36;Tidak Layak
830;26;Perempuan;Lajang;S1;5;Sumatera;PNS;14;13447428;6711902;675207222;65141907;Milik Sendiri;Cukup;689;2;Modal Usaha;163988935;48;Layak
831;39;Laki-laki;Lajang;SMA;0;Kalimantan;Wirausaha;27;6740577;5357277;298329594;12532430;Kontrak;Baik;660;1;Konsumtif;166257990;12;Layak
832;41;Laki-laki;Lajang;SMA;1;Jawa;PNS;15;14130516;6634238;124997851;9587393;Milik Sendiri;Cukup;433;1;Modal Usaha;38002603;12;Layak
833;60;Perempuan;Menikah;S1;4;Jawa;PNS;16;4133427;4104992;388245371;70835291;Kontrak;Tidak Ada Riwayat;634;3;Pendidikan;180018343;60;Tidak Layak
834;32;Perempuan;Lajang;D3;2;Sumatera;Swasta;17;13210480;5406720;551900945;133673439;Kontrak;Buruk;764;1;Kesehatan;27968667;48;Layak
835;56;Perempuan;Duda/Janda;SMA;2;Kalimantan;Freelance;15;12510329;7693581;568267517;1282415;Milik Sendiri;Baik;543;3;Konsumtif;101502931;84;Layak
836;46;Perempuan;Lajang;D3;0;Kalimantan;Wirausaha;13;12611636;14922472;62955514;72388757;Milik Sendiri;Baik;578;1;Pendidikan;155047798;84;Layak
837;47;Perempuan;Lajang;SMP;3;Kalimantan;Swasta;29;13541424;4620618;628700021;25299846;Milik Sendiri;Baik;529;3;Modal Usaha;182989530;12;Layak
838;37;Laki-laki;Lajang;SD;1;Sulawesi;PNS;25;4440444;1993668;81199249;;Milik Sendiri;Tidak Ada Riwayat;347;5;Modal Usaha;138856870;84;Tidak Layak
839;51;Laki-laki;Menikah;SD;5;Jawa;Tidak Bekerja;;491628;500000;594485313;;Milik Sendiri;Tidak Ada Riwayat;312;3;Renovasi Rumah;185755680;48;Tidak Layak
840;19;Perempuan;Duda/Janda;S1;4;Sumatera;Wirausaha;20;13738413;4151421;201558728;89284624;Menumpang;Baik;678;1;Modal Usaha;197200912;24;Layak
841;49;Perempuan;Menikah;SMP;5;Jawa;Swasta;7;15155103;15991612;647643153;112786523;Kontrak;Buruk;412;3;Pendidikan;196819690;84;Layak
842;51;Perempuan;Lajang;SMA;3;Jawa;Swasta;22;1768025;946034;727545276;113076099;Sewa;Buruk;312;4;Modal Usaha;69863844;48;Tidak Layak
843;36;Laki-laki;Menikah;S1;5;Jawa;Freelance;21;2932220;1493320;536672513;;Menumpang;Tidak Ada Riwayat;767;1;Pendidikan;105464069;60;Tidak Layak
844;38;Laki-laki;Menikah;D3;1;Kalimantan;Wirausaha;9;5602704;4033529;;;Milik Sendiri;Tidak Ada Riwayat;803;5;Investasi;131824881;36;Tidak Layak
845;64;Perempuan;Menikah;SMA;5;Kalimantan;Swasta;28;6884366;6163716;202111264;43849591;Kontrak;Cukup;781;1;Pendidikan;71860844;36;Layak
846;26;Perempuan;Menikah;SD;5;Sumatera;Freelance;22;14717103;7650936;627370073;51739668;Milik Sendiri;Baik;773;1;Modal Usaha;134273865;12;Layak
847;26;Perempuan;Cerai;SMA;2;Sumatera;Swasta;10;6383147;2671270;88495550;92290851;Sewa;Cukup;751;4;Modal Usaha;15388023;12;Tidak Layak
848;61;Laki-laki;Menikah;D3;5;Kalimantan;Swasta;8;2436716;2148043;200420857;16465647;Sewa;Baik;414;1;Konsumtif;24582747;36;Layak
849;42;Laki-laki;Lajang;SMA;2;Jawa;Swasta;29;3021377;1233779;203010688;107280323;Milik Sendiri;Buruk;557;1;Renovasi Rumah;40428404;36;Tidak Layak
850;53;Perempuan;Menikah;SMA;5;Jawa;Swasta;5;12704262;10324561;40040680;120025705;Milik Sendiri;Cukup;802;5;Modal Usaha;39957570;36;Layak
851;51;Perempuan;Lajang;SD;2;Sumatera;Swasta;8;14550756;12989886;765328621;81210000;Kontrak;Buruk;394;5;Investasi;57188703;84;Layak
852;62;Perempuan;Menikah;D3;0;Sumatera;Swasta;24;7502550;3822273;140162202;23238689;Milik Sendiri;Cukup;818;2;Konsumtif;179862820;24;Tidak Layak
853;43;Laki-laki;Duda/Janda;D3;4;Jawa;Swasta;11;9131367;6375648;157651505;90342763;Sewa;Baik;549;3;Modal Usaha;150543695;84;Layak
854;47;Perempuan;Lajang;S1;3;Jawa;Swasta;5;14779272;5777367;174960121;40291130;Kontrak;Cukup;465;2;Pendidikan;90555854;84;Layak
855;60;Perempuan;Lajang;SMA;5;Sulawesi;Swasta;5;5507910;1794139;376285746;58270453;Milik Sendiri;Tidak Ada Riwayat;674;2;Investasi;186966844;84;Tidak Layak
856;59;Perempuan;Menikah;S1;5;Jawa;Wirausaha;21;;10150231;414486792;21213072;Sewa;Cukup;351;1;Pendidikan;190851094;36;Layak
857;34;Perempuan;Menikah;SMA;0;Sulawesi;Freelance;16;12966650;13917492;204376796;107085515;Kontrak;Baik;662;4;Renovasi Rumah;105668488;48;Layak
858;28;Laki-laki;Lajang;D3;4;Kalimantan;Swasta;25;4680184;1860946;148692776;39260169;Milik Sendiri;Cukup;310;5;Modal Usaha;176533629;12;Tidak Layak
859;59;Laki-laki;Menikah;S1;4;Jawa;Wirausaha;6;16630783;17802128;17393433;98387873;Menumpang;Cukup;808;5;Pendidikan;79987241;60;Layak
860;35;Perempuan;Menikah;S1;3;Kalimantan;PNS;16;11656088;4043533;435044911;128131686;Kontrak;Baik;723;5;Pendidikan;75396728;12;Layak
861;35;Perempuan;Menikah;SMA;0;Jawa;Wirausaha;17;8754785;9317869;270929090;122116865;Sewa;Buruk;768;1;Konsumtif;23571248;36;Tidak Layak
862;40;Perempuan;Duda/Janda;S1;0;Sumatera;Freelance;29;1682170;1230977;735172268;46922427;Menumpang;Cukup;821;2;Modal Usaha;129781157;48;Layak
863;21;Laki-laki;Lajang;S1;0;Jawa;Tidak Bekerja;0;487488;500000;209622544;88730879;Milik Sendiri;Cukup;606;5;Renovasi Rumah;83204302;60;Tidak Layak
864;59;Perempuan;Menikah;SMP;0;Jawa;Swasta;32;15296736;12057714;481697647;113411161;Milik Sendiri;Cukup;498;4;Kesehatan;52445650;48;Layak
865;43;Perempuan;Lajang;S1;4;Sumatera;Swasta;21;12102020;13636437;415410062;5162525;Milik Sendiri;Baik;762;1;Pendidikan;28752654;48;Layak
866;41;Perempuan;Menikah;SMA;2;Jawa;Swasta;16;6485978;4256395;119463692;90126395;Kontrak;Baik;467;3;Konsumtif;199509136;36;Layak
867;37;Laki-laki;Menikah;SD;3;Kalimantan;Swasta;11;6466057;6270721;602764785;41991712;Kontrak;Cukup;721;2;Investasi;191783386;48;Layak
868;44;Perempuan;Menikah;SMA;3;Jawa;Swasta;7;15091300;11364033;666135443;77749021;Milik Sendiri;Baik;641;2;Investasi;138272861;60;Layak
869;29;Laki-laki;Cerai;S1;4;Sumatera;Tidak Bekerja;0;232597;500000;701608134;117004153;Milik Sendiri;Cukup;815;1;Konsumtif;108041318;36;Tidak Layak
870;36;Perempuan;Menikah;S1;2;Sumatera;Swasta;8;2213848;1784814;301714605;114807974;Milik Sendiri;Cukup;565;5;Modal Usaha;15039849;60;Tidak Layak
871;25;Laki-laki;Duda/Janda;SMP;1;Jawa;Wirausaha;1;3220008;3049085;104961285;80381564;Menumpang;Buruk;569;1;Modal Usaha;30985233;12;Tidak Layak
872;55;Perempuan;Menikah;SD;1;Kalimantan;PNS;15;;7696148;651322648;105160649;Sewa;Buruk;823;3;Renovasi Rumah;132237535;48;Layak
873;56;Perempuan;Lajang;SD;1;Jawa;PNS;12;11276210;3742580;533813434;66027805;Sewa;Cukup;462;1;Pendidikan;109575796;84;Layak
874;58;Perempuan;Menikah;SMA;2;Jawa;Swasta;8;12916639;9657402;361482828;2394707;Milik Sendiri;Cukup;325;1;Pendidikan;101560896;24;Layak
875;43;Perempuan;Menikah;SMP;5;Jawa;Swasta;22;9358743;10361835;88078078;61046693;Kontrak;Baik;699;4;Renovasi Rumah;154639320;84;Layak
876;55;Perempuan;Menikah;SMP;4;Bali;Swasta;14;11567289;8447335;226890602;84492701;Kontrak;Baik;649;2;Investasi;66918363;60;Layak
877;45;Laki-laki;Lajang;D3;4;Kalimantan;Swasta;22;11332921;7333771;;25532177;Milik Sendiri;Baik;450;4;Renovasi Rumah;9828989;60;Layak
878;23;Perempuan;Duda/Janda;S1;2;Sumatera;Wirausaha;8;12923733;12875258;;77007125;Sewa;Cukup;450;2;Modal Usaha;55279333;60;Layak
879;63;Laki-laki;Menikah;SMP;5;Sumatera;PNS;25;11427243;3745577;712360574;101360538;Sewa;Buruk;438;1;Modal Usaha;80440414;12;Layak
880;57;Perempuan;Lajang;D3;4;Sulawesi;Swasta;21;5700788;3739330;548968313;64293561;Kontrak;Cukup;687;2;Modal Usaha;86578343;12;Layak
881;30;Laki-laki;Cerai;SMA;5;Jawa;Swasta;15;14173130;13373369;218009571;97615257;Milik Sendiri;Baik;573;4;Kesehatan;175086202;36;Layak
882;33;Laki-laki;Menikah;S1;4;Kalimantan;PNS;21;;2272402;111611202;126079217;Milik Sendiri;Baik;817;4;Kesehatan;175355914;60;Tidak Layak
883;52;Perempuan;Menikah;S1;1;Sulawesi;Wirausaha;30;12678954;13214093;9720133;138996616;Milik Sendiri;Baik;630;1;Konsumtif;32837629;60;Layak
884;27;Laki-laki;Lajang;SMP;5;Sumatera;Swasta;19;11639394;11041167;568290514;145197309;Milik Sendiri;Baik;845;4;Konsumtif;71087638;12;Layak
885;52;Perempuan;Lajang;SMA;5;Jawa;Wirausaha;10;6817411;6319301;472558112;1980897;Milik Sendiri;Baik;437;1;Renovasi Rumah;143102260;36;Layak
886;49;Laki-laki;Cerai;SMA;2;Sumatera;Swasta;4;3255021;1106793;506092299;27520929;Milik Sendiri;Cukup;846;2;Kesehatan;173673096;36;Layak
887;32;Laki-laki;Lajang;SMA;1;Jawa;Freelance;2;9838781;8811210;527053075;;Sewa;Tidak Ada Riwayat;749;2;Modal Usaha;75125751;48;Tidak Layak
888;41;Laki-laki;Lajang;D3;2;Sumatera;Swasta;24;9310137;8788096;468972952;89567616;Milik Sendiri;Cukup;752;4;Kesehatan;131681731;84;Layak
889;36;Laki-laki;Lajang;SMA;1;Sumatera;PNS;26;4849715;3903799;506201232;92470825;Milik Sendiri;Tidak Ada Riwayat;478;1;Kesehatan;120352596;36;Tidak Layak
890;19;Perempuan;Duda/Janda;SMA;1;Kalimantan;PNS;13;10058371;9623086;493387060;131360931;Sewa;Buruk;687;1;Modal Usaha;198168471;84;Tidak Layak
891;63;Laki-laki;Duda/Janda;S1;0;Sumatera;Swasta;14;13074899;14002972;86446040;45289772;Milik Sendiri;Baik;628;2;Renovasi Rumah;142776401;24;Layak
892;37;Perempuan;Menikah;S1;5;Sumatera;Swasta;7;4802167;5650167;268057576;90497184;Milik Sendiri;Buruk;677;1;Investasi;44336270;60;Tidak Layak
893;33;Perempuan;Lajang;D3;0;Sumatera;Swasta;25;8143714;5927530;623157697;125551905;Milik Sendiri;Cukup;613;1;Renovasi Rumah;103306263;48;Layak
894;30;Perempuan;Menikah;S1;5;Jawa;Tidak Bekerja;0;241958;500000;205550048;133030241;Milik Sendiri;Buruk;776;2;Renovasi Rumah;14300064;84;Tidak Layak
895;30;Perempuan;Menikah;S1;1;Jawa;Swasta;11;5161874;2721975;611963479;42648812;Sewa;Buruk;474;3;Renovasi Rumah;84227193;36;Tidak Layak
896;40;Laki-laki;Cerai;D3;1;Bali;Wirausaha;28;4733311;5555606;72636471;132333555;Sewa;Buruk;791;3;Konsumtif;198101490;48;Tidak Layak
897;35;Laki-laki;Menikah;SMA;5;Jawa;Tidak Bekerja;0;42209;500000;;27546825;Sewa;Baik;784;3;Modal Usaha;46026188;36;Layak
898;45;Perempuan;Lajang;D3;3;Bali;Swasta;33;17034610;11637472;163449727;3626594;Milik Sendiri;Buruk;666;1;Renovasi Rumah;94916849;36;Layak
899;21;Perempuan;Menikah;SMA;5;Sumatera;Swasta;10;10379660;5476421;602236149;137978003;Milik Sendiri;Baik;513;3;Renovasi Rumah;47664750;84;Layak
900;46;Perempuan;Duda/Janda;S1;0;Sulawesi;Wirausaha;23;7208656;7222385;342942671;18194923;Milik Sendiri;Baik;775;3;Investasi;76168358;84;Layak
901;64;Perempuan;Menikah;SMA;0;Jawa;PNS;18;6752557;2167326;417788996;1936386;Milik Sendiri;Baik;487;5;Pendidikan;60034768;36;Layak
902;58;Perempuan;Menikah;S1;4;Jawa;Freelance;29;;5086268;527873686;12460847;Sewa;Cukup;321;4;Renovasi Rumah;47797696;24;Layak
903;50;Laki-laki;Menikah;D3;0;Jawa;Wirausaha;19;14796564;8889083;196156558;11468240;Milik Sendiri;Buruk;808;4;Pendidikan;35837821;36;Layak
904;27;Laki-laki;Lajang;D3;2;Sulawesi;Wirausaha;20;3365348;3927605;485255981;100522757;Milik Sendiri;Baik;797;1;Modal Usaha;20928537;36;Layak
905;20;Laki-laki;Menikah;SMA;3;Sumatera;Tidak Bekerja;0;64831;500000;491998651;;Milik Sendiri;Tidak Ada Riwayat;421;1;Modal Usaha;29484474;60;Tidak Layak
906;57;Perempuan;Lajang;SMA;5;Sulawesi;PNS;1;14278566;12907162;34501894;12819133;Kontrak;Cukup;747;4;Renovasi Rumah;83628075;24;Layak
907;49;Laki-laki;Cerai;S1;2;Jawa;Freelance;14;17067941;15517100;229263187;130050976;Sewa;Baik;732;1;Konsumtif;194829368;12;Layak
908;64;Laki-laki;Menikah;S1;2;Sulawesi;PNS;8;7709939;4451200;393104167;61915405;Milik Sendiri;Baik;491;3;Renovasi Rumah;197686052;48;Layak
909;29;Laki-laki;Lajang;D3;3;Jawa;PNS;26;13731637;6691758;688057763;46854556;Milik Sendiri;Buruk;418;4;Renovasi Rumah;41977421;84;Layak
910;23;Laki-laki;Lajang;SMA;0;Bali;Wirausaha;14;6741570;2505269;96450486;142405648;Milik Sendiri;Cukup;301;3;Modal Usaha;47709229;60;Tidak Layak
911;38;Perempuan;Menikah;D3;0;Sumatera;Swasta;6;10586771;4157382;564812028;36247595;Menumpang;Cukup;622;5;Modal Usaha;13683709;48;Layak
912;37;Perempuan;Menikah;S1;2;Bali;Freelance;14;5323080;2018874;183351467;989819;Milik Sendiri;Cukup;369;1;Kesehatan;177051130;84;Tidak Layak
913;29;Laki-laki;Duda/Janda;S1;3;Jawa;Freelance;28;5000999;2994309;84244550;110817285;Milik Sendiri;Cukup;518;5;Renovasi Rumah;166391990;60;Tidak Layak
914;20;Perempuan;Menikah;S1;5;Sulawesi;Swasta;14;15504713;8359431;240125694;32821226;Milik Sendiri;Buruk;337;3;Renovasi Rumah;188910394;12;Layak
915;43;Laki-laki;Menikah;SMA;0;Bali;PNS;6;6030141;1867234;126942943;76629448;Sewa;Cukup;669;4;Pendidikan;177681681;36;Tidak Layak
916;22;Laki-laki;Menikah;S1;3;Jawa;Freelance;9;16886243;14225505;129592594;115939612;Milik Sendiri;Buruk;592;4;Modal Usaha;135124768;12;Tidak Layak
917;64;Perempuan;Menikah;D3;5;Jawa;Wirausaha;34;10075852;10073483;792502549;10756473;Milik Sendiri;Baik;679;1;Pendidikan;27844191;60;Layak
918;20;Laki-laki;Cerai;SMA;0;Jawa;PNS;13;6598007;3188738;58097124;103284015;Milik Sendiri;Baik;471;3;Konsumtif;135382821;12;Tidak Layak
919;52;Perempuan;Lajang;SD;1;Jawa;Swasta;3;12488579;11587450;;3626721;Kontrak;Cukup;699;2;Modal Usaha;104335483;48;Layak
920;29;Perempuan;Lajang;S1;5;Sumatera;Swasta;5;10534567;10086927;145099655;99213483;Menumpang;Cukup;447;4;Modal Usaha;121427451;24;Tidak Layak
921;28;Laki-laki;Menikah;SMA;0;Jawa;Swasta;26;9476593;6128878;441680392;124274387;Milik Sendiri;Cukup;836;1;Pendidikan;153462440;60;Tidak Layak
922;59;Perempuan;Lajang;SMA;5;Sulawesi;Wirausaha;20;9880765;9581328;695975544;42211286;Sewa;Cukup;334;3;Investasi;109567408;60;Layak
923;26;Perempuan;Duda/Janda;SMP;5;Kalimantan;Wirausaha;26;17128434;14281538;265411483;28025533;Kontrak;Baik;567;1;Investasi;30671665;36;Layak
924;49;Laki-laki;Lajang;SMP;2;Sulawesi;Tidak Bekerja;;345337;500000;;87722061;Sewa;Baik;537;3;Modal Usaha;183237296;60;Layak
925;47;Perempuan;Menikah;SD;1;Jawa;PNS;20;;3203722;422279856;57150676;Milik Sendiri;Cukup;301;5;Renovasi Rumah;173512284;24;Tidak Layak
926;58;Laki-laki;Menikah;D3;0;Sumatera;Wirausaha;13;1839641;2096091;614219725;83965422;Kontrak;Baik;671;3;Modal Usaha;139400818;60;Layak
927;45;Perempuan;Menikah;SMA;0;Jawa;Swasta;33;15244781;5176475;744249508;52365400;Milik Sendiri;Baik;437;5;Modal Usaha;108291453;60;Layak
928;64;Laki-laki;Menikah;D3;1;Sumatera;Wirausaha;19;8083771;5518255;108351614;113537060;Sewa;Cukup;493;4;Renovasi Rumah;174800210;60;Tidak Layak
929;31;laki-laki;Cerai;D3;2;Sumatera;Swasta;27;7207087;6487979;355092648;83536639;Menumpang;Cukup;444;3;Pendidikan;98437471;84;Tidak Layak
930;30;Perempuan;Menikah;S1;2;Jawa;Wirausaha;14;2822638;2855514;736520882;112832224;Sewa;Baik;536;4;Konsumtif;188478028;60;Layak
931;58;Laki-laki;Menikah;S1;4;Sumatera;Swasta;6;12272597;13891850;183813957;81784822;Kontrak;Cukup;343;2;Modal Usaha;28902809;60;Layak
932;49;Laki-laki;Duda/Janda;SMP;1;Sumatera;Swasta;30;7677562;6003475;249170489;137180697;Sewa;Cukup;468;4;Renovasi Rumah;152346303;84;Tidak Layak
933;27;Laki-laki;Lajang;D3;3;Kalimantan;Wirausaha;3;15256243;8843857;745892671;106725373;Kontrak;Baik;588;4;Modal Usaha;155409890;48;Layak
934;22;Laki-laki;Duda/Janda;SMA;4;Jawa;Swasta;18;6571293;4568777;63277812;121134150;Kontrak;Baik;615;5;Modal Usaha;74939128;60;Layak
935;43;Perempuan;Lajang;SMA;1;Bali;Swasta;17;7374903;2861281;190390904;27652511;Menumpang;Baik;684;1;Renovasi Rumah;170595920;24;Layak
936;60;Laki-laki;Lajang;SMA;0;Sumatera;Swasta;26;3058197;2240415;545269935;2045303;Menumpang;Buruk;315;5;Modal Usaha;144208759;60;Tidak Layak
937;25;Laki-laki;Menikah;SMP;0;Sumatera;Freelance;32;8308433;8072352;594132147;90872612;Menumpang;Cukup;371;3;Renovasi Rumah;32127601;84;Tidak Layak
938;27;Perempuan;Lajang;SMA;2;Sulawesi;Wirausaha;30;2583332;2208522;370794852;88613455;Sewa;Cukup;513;4;Modal Usaha;187115432;24;Tidak Layak
939;34;Perempuan;Menikah;SMA;2;Kalimantan;Wirausaha;16;12615842;9608061;665012891;113481728;Milik Sendiri;Baik;651;3;Kesehatan;182052049;48;Layak
940;57;Perempuan;Lajang;S1;4;Sumatera;Wirausaha;17;10131422;6333442;201585585;62380988;Sewa;Baik;313;2;Pendidikan;166464109;12;Layak
941;48;Perempuan;Lajang;D3;2;Jawa;Swasta;10;17373667;18391847;583345064;122036782;Sewa;Cukup;643;3;Modal Usaha;101379889;84;Layak
942;31;Perempuan;Menikah;SMA;2;Jawa;Swasta;30;4075285;3171682;663747568;90830448;Milik Sendiri;Cukup;354;4;Pendidikan;140530335;48;Layak
943;22;Laki-laki;Lajang;S1;0;Jawa;Wirausaha;6;3682692;3901525;204902851;31689855;Milik Sendiri;Cukup;316;4;Renovasi Rumah;90485911;24;Tidak Layak
944;31;Laki-laki;Lajang;S1;1;Sumatera;PNS;10;13967512;15610112;754426535;54951352;Menumpang;Buruk;386;3;Modal Usaha;78713052;36;Layak
945;25;Laki-laki;Cerai;D3;3;Bali;Swasta;34;17588012;7239424;718561419;129600247;Sewa;Buruk;325;4;Modal Usaha;8339153;24;Layak
946;54;Perempuan;Menikah;S1;2;Sumatera;Swasta;21;15481442;10289542;10072642;85736221;Sewa;Cukup;304;3;Modal Usaha;39727793;48;Layak
947;51;Perempuan;Lajang;D3;5;Jawa;Swasta;2;4023253;1298175;236217042;36279755;Milik Sendiri;Buruk;751;3;Investasi;127092279;60;Tidak Layak
948;49;Perempuan;Lajang;S2;0;Jawa;PNS;28;3821395;3971540;536350941;20916044;Sewa;Baik;745;3;Kesehatan;129546620;36;Layak
949;49;Perempuan;Lajang;D3;0;Jawa;Wirausaha;7;17257298;16657661;735655430;26494547;Sewa;Baik;634;2;Modal Usaha;164282916;24;Layak
950;20;Perempuan;Lajang;SMA;1;Jawa;Swasta;9;10984265;12618410;388751675;;Milik Sendiri;Tidak Ada Riwayat;549;5;Modal Usaha;83845940;84;Tidak Layak
951;37;Perempuan;Lajang;SMA;2;Jawa;Tidak Bekerja;;80124;500000;;21680076;Milik Sendiri;Cukup;591;2;Renovasi Rumah;182510020;12;Tidak Layak
952;28;Laki-laki;Lajang;SMA;3;Sulawesi;Wirausaha;16;17499339;15864730;75555415;71443508;Kontrak;Cukup;482;2;Modal Usaha;138584228;24;Layak
953;46;Laki-laki;Lajang;SMP;5;Jawa;Swasta;18;5327743;4822923;449109948;104190214;Menumpang;Cukup;726;5;Renovasi Rumah;69573247;60;Tidak Layak
954;18;Laki-laki;Lajang;S1;4;Sumatera;Swasta;6;14776314;13215498;60521529;57168741;Kontrak;Baik;622;4;Renovasi Rumah;97425986;12;Layak
955;22;Laki-laki;Menikah;D3;5;NTT/NTB;Swasta;24;2841816;1612098;504583423;115526969;Kontrak;Cukup;584;1;Pendidikan;108355201;48;Tidak Layak
956;43;Laki-laki;Menikah;SMA;3;Sumatera;Tidak Bekerja;;228243;500000;15697787;68388688;Milik Sendiri;Cukup;534;1;Modal Usaha;92099674;48;Tidak Layak
957;47;Perempuan;Duda/Janda;SMA;5;Bali;PNS;6;13897037;16561530;18188339;117689949;Sewa;Baik;505;5;Renovasi Rumah;195280719;24;Layak
958;54;Laki-laki;Cerai;S1;1;Jawa;Freelance;2;12178604;10166301;603016817;46452096;Milik Sendiri;Buruk;543;3;Pendidikan;192267497;36;Layak
959;25;Perempuan;Menikah;S1;1;Jawa;Wirausaha;32;16707495;11835826;458874406;41161469;Sewa;Cukup;333;2;Pendidikan;133513620;36;Layak
960;43;Laki-laki;Menikah;S1;1;Sumatera;PNS;29;3250001;2735224;495384373;82441099;Milik Sendiri;Buruk;498;4;Modal Usaha;109300866;36;Tidak Layak
961;28;Laki-laki;Menikah;S1;2;Sumatera;Swasta;30;16206946;18565492;483451736;;Sewa;Tidak Ada Riwayat;816;1;Konsumtif;25177303;36;Layak
962;43;Laki-laki;Menikah;S2;0;Jawa;Wirausaha;28;15750574;16391472;16631574;115045576;Kontrak;Buruk;809;3;Renovasi Rumah;125583930;12;Tidak Layak
963;39;Laki-laki;Cerai;SMA;3;Sumatera;PNS;7;1460314534;17538438;237541391;110279182;Milik Sendiri;Baik;657;3;Renovasi Rumah;143381569;36;Layak
964;47;Laki-laki;Lajang;SMA;1;Jawa;Swasta;20;17433876;9906958;297194725;110291074;Milik Sendiri;Baik;598;3;Modal Usaha;74652416;48;Layak
965;61;Laki-laki;Duda/Janda;SMP;1;Kalimantan;Wirausaha;13;3426006;1830951;570734232;39455406;Kontrak;Baik;;4;Modal Usaha;157571465;24;Layak
966;18;Laki-laki;Cerai;SMA;4;Sulawesi;Freelance;5;17680793;20937458;75827867;131763978;Milik Sendiri;Baik;439;2;Investasi;43909065;12;Layak
967;49;Laki-laki;Menikah;S1;5;Kalimantan;Swasta;33;8984919;3036464;91294282;76143982;Milik Sendiri;Buruk;538;5;Modal Usaha;75354759;60;Tidak Layak
968;58;Perempuan;Menikah;SMA;2;Sumatera;Tidak Bekerja;0;176901;500000;6967035;38887181;Kontrak;Cukup;744;5;Modal Usaha;174719141;24;Tidak Layak
969;38;Perempuan;Menikah;D3;5;Kalimantan;Wirausaha;29;16016962;17602983;309847865;11424980;Menumpang;Baik;701;2;Investasi;48643602;24;Layak
970;28;Perempuan;Lajang;S1;5;Bali;Swasta;1;5428354;2171538;784357123;41656463;Sewa;Cukup;681;5;Renovasi Rumah;128495150;60;Layak
971;64;Perempuan;Lajang;S1;0;Jawa;Freelance;5;14589566;5394350;528972288;;Sewa;Tidak Ada Riwayat;375;1;Modal Usaha;181611819;36;Tidak Layak
972;59;Perempuan;Menikah;SMP;2;Sumatera;Freelance;22;8016157;6527529;59761986;32774919;Sewa;Baik;623;2;Modal Usaha;146489905;48;Layak
973;48;Laki-laki;Menikah;SD;3;Jawa;Swasta;25;6499532;6482806;326082242;145791492;Sewa;Cukup;767;2;Renovasi Rumah;136647978;12;Tidak Layak
974;51;Laki-laki;Cerai;SMA;1;Jawa;Swasta;3;11632280;9995364;512981700;88741982;Milik Sendiri;Cukup;687;2;Modal Usaha;86785462;36;Layak
975;38;Perempuan;Lajang;SMP;1;Sumatera;Freelance;5;11311348;10137691;357798870;62748969;Milik Sendiri;Baik;383;4;Modal Usaha;21467838;12;Layak
976;41;Perempuan;Lajang;SMA;5;Jawa;Freelance;4;16373123;12277258;63608090;26863388;Sewa;Buruk;329;3;Pendidikan;126036641;84;Layak
977;30;Laki-laki;Menikah;SMA;4;Kalimantan;Swasta;33;10095168;9837738;633620275;83944762;Kontrak;Baik;339;5;Modal Usaha;48436512;24;Layak
978;24;Laki-laki;Lajang;S1;1;Jawa;Wirausaha;5;9878511;6368609;779244865;103474067;Sewa;Baik;529;2;Modal Usaha;126859152;24;Layak
979;29;Perempuan;Menikah;SMA;4;Sumatera;PNS;17;13229419;5205885;200153537;55670976;Sewa;Cukup;815;1;Investasi;43525775;48;Layak
980;53;Perempuan;Menikah;S1;1;Sumatera;Swasta;19;5588393;4818992;502334255;115924177;Kontrak;Baik;388;3;Modal Usaha;84775889;36;Layak
981;33;Perempuan;Menikah;S1;4;Kalimantan;Tidak Bekerja;;65845;500000;696396745;;Menumpang;Tidak Ada Riwayat;689;5;Renovasi Rumah;153828378;48;Tidak Layak
982;22;Perempuan;Menikah;SMA;5;Sumatera;Swasta;7;16470836;13429645;763009109;114693458;Milik Sendiri;Baik;;4;Modal Usaha;164441376;12;Layak
983;22;Laki-laki;Menikah;D3;0;Sulawesi;Swasta;3;17914796;20626640;532965234;55104181;Milik Sendiri;Cukup;387;3;Kesehatan;150780913;12;Layak
984;51;Laki-laki;Lajang;S1;2;Sumatera;Tidak Bekerja;;427401;500000;224242605;88257652;Kontrak;Cukup;338;4;Modal Usaha;15991924;24;Tidak Layak
985;62;Perempuan;Duda/Janda;SMP;5;Sumatera;Wirausaha;3;9961418;5416817;516395548;83784543;Sewa;Cukup;499;2;Modal Usaha;140875004;36;Layak
986;41;Laki-laki;Lajang;SMP;5;Jawa;Swasta;7;6846253;2098813;402599847;109005836;Milik Sendiri;Cukup;673;3;Modal Usaha;143247737;24;Tidak Layak
987;49;Laki-laki;Lajang;S2;1;Sumatera;Swasta;3;13702710;13214337;671637388;83527807;Menumpang;Cukup;693;3;Investasi;44872194;84;Layak
988;35;Laki-laki;Duda/Janda;SMP;2;Kalimantan;Wirausaha;15;10925793;11368472;263719761;96986824;Sewa;Tidak Ada Riwayat;547;3;Renovasi Rumah;150322979;24;Tidak Layak
989;25;Perempuan;Menikah;S1;4;Jawa;Wirausaha;4;12875540;11031253;150276929;105058087;Kontrak;Cukup;476;3;Modal Usaha;5981159;48;Layak
990;29;Laki-laki;Cerai;D3;3;Jawa;Swasta;19;9901628;7301367;279852557;66267038;Sewa;Baik;414;5;Konsumtif;120479476;60;Layak
991;58;Laki-laki;Menikah;S1;4;JAWA;Swasta;21;14496718;11542278;519034858;132426258;Sewa;Cukup;771;3;Konsumtif;109708638;36;Layak
992;36;Perempuan;Lajang;SMA;0;Sulawesi;Wirausaha;24;7288894;7678141;58714409;144531186;Menumpang;Tidak Ada Riwayat;623;2;Modal Usaha;24834347;48;Tidak Layak
993;62;Laki-laki;Menikah;S1;4;Kalimantan;Swasta;13;15736216;18432964;437670735;132121895;Sewa;Tidak Ada Riwayat;563;4;Modal Usaha;172207542;36;Layak
994;49;Perempuan;Lajang;SMA;3;Sumatera;Wirausaha;27;3402786;2726098;556279209;79590248;Kontrak;Baik;706;4;Modal Usaha;72869612;60;Layak
995;34;Perempuan;Menikah;SD;3;Sumatera;Swasta;6;;1384696;441785658;24956178;Milik Sendiri;Cukup;745;1;Renovasi Rumah;80674697;36;Tidak Layak
996;44;Laki-laki;Lajang;D3;0;Bali;Freelance;30;15509566;14399684;338097317;73827102;Milik Sendiri;Cukup;634;5;Renovasi Rumah;122398812;60;Layak
997;56;Laki-laki;Duda/Janda;S1;5;Jawa;Wirausaha;3;15124533;14716405;647738826;100231383;Milik Sendiri;Tidak Ada Riwayat;647;5;Investasi;162719810;84;Layak
998;58;Perempuan;Lajang;D3;4;Jawa;Wirausaha;16;4126542;1529968;517757429;;Milik Sendiri;Tidak Ada Riwayat;735;1;Konsumtif;135036644;12;Tidak Layak
999;55;Laki-laki;Cerai;SMA;4;Jawa;PNS;33;3758149;1992446;111114466;9678286;Milik Sendiri;Baik;406;1;Konsumtif;112716970;24;Layak
1000;63;Laki-laki;Menikah;SMA;4;Jawa;Swasta;22;17297417;13943805;386452411;119464589;Sewa;Baik;822;4;Kesehatan;140615722;48;Layak
1001;32;LAKI-LAKI;Lajang;D3;5;JAWA;Freelance;30;5211284;4236164;579195193;69495582;Milik Sendiri;Baik;769;1;Modal Usaha;48330932;24;Layak
1002;46;Laki-laki;Menikah;S2;2;Sulawesi;Tidak Bekerja;;134397;500000;298185521;125040476;Milik Sendiri;Cukup;;2;Konsumtif;53160372;48;Tidak Layak
1003;56;Perempuan;Lajang;S1;2;Jawa;PNS;32;10774784;7533391;389654954;84648866;Menumpang;Baik;714;1;Modal Usaha;167307082;12;Layak
1004;57;Laki-laki;Menikah;S1;0;Jawa;Freelance;22;11749173;13101455;364681072;123894362;Milik Sendiri;Cukup;;3;Investasi;121980795;12;Layak
1005;20;Perempuan;Menikah;SMA;4;Jawa;Wirausaha;28;3699216;1495782;;47784885;Milik Sendiri;Buruk;379;5;Pendidikan;17601391;24;Tidak Layak
1006;32;Perempuan;Menikah;D3;0;Jawa;Swasta;1;3125711;1096854;547031290;91393534;Milik Sendiri;Buruk;436;5;Renovasi Rumah;101398676;24;Tidak Layak
1007;52;Laki-laki;Menikah;SD;0;Bali;PNS;16;11336277;10197106;203308559;76424488;Kontrak;Baik;692;2;Investasi;166910862;36;Layak
1008;43;Laki-laki;Menikah;S1;5;Bali;Swasta;9;10135615;3527000;752760813;145941375;Menumpang;Buruk;436;3;Modal Usaha;153354793;60;Tidak Layak
1009;59;Perempuan;Menikah;D3;4;Sumatera;Swasta;14;6923900;4258066;41159697;138511298;Milik Sendiri;Tidak Ada Riwayat;349;5;Kesehatan;140095920;12;Tidak Layak
1010;19;Laki-laki;Menikah;S1;4;Sumatera;Swasta;7;4012986;1384678;577079976;116860313;Kontrak;Baik;682;5;Kesehatan;121374354;60;Layak
